"","ID","Pred"
"70630-17-0","70630-17-0","0.4644326653273832"
"1929-73-3","1929-73-3","0.6085310969208575"
"98-87-3","98-87-3","0.2360307752561778"
"15708-41-5","15708-41-5","0.3636342375205856"
"3844-45-9","3844-45-9","0.3521199277747514"
"112529-15-4","112529-15-4","0.6740063807764103"
"1672-46-4","1672-46-4","0.46553746073220553"
"124-05-0","124-05-0","0.16352641404979498"
"2008-41-5","2008-41-5","0.3292367397056011"
"87-13-8","87-13-8","0.21153952493570835"
"25606-41-1","25606-41-1","0.223190550424396"
"2782-57-2","2782-57-2","0.2761073319643308"
"361343-19-3","361343-19-3","0.6009620275352627"
"630-56-8","630-56-8","0.40598664442242405"
"3926-62-3","3926-62-3","0.09546956217442283"
"69655-05-6","69655-05-6","0.4324307318872657"
"141-04-8","141-04-8","0.2557092728913032"
"56507-37-0","56507-37-0","0.28686716815307667"
"616-45-5","616-45-5","0.06021278960622247"
"826-62-0","826-62-0","0.2884304477018671"
"100-00-5","100-00-5","0.2835927093385518"
"104-90-5","104-90-5","0.2119524604877682"
"107-88-0","107-88-0","0.03853610333917026"
"99-55-8","99-55-8","0.42838763819280695"
"90-04-0","90-04-0","0.480863333074741"
"126-75-0","126-75-0","0.3891857689428369"
"52-51-7","52-51-7","0.11879461808975751"
"109-04-6","109-04-6","0.21708420833530684"
"587-65-5","587-65-5","0.46786108713462704"
"334-48-5","334-48-5","0.26062400162237126"
"21087-64-9","21087-64-9","0.43784762387217024"
"487-68-3","487-68-3","0.2575544154377986"
"108-94-1","108-94-1","0.10840655807251373"
"75330-75-5","75330-75-5","0.5736644908633527"
"707-61-9","707-61-9","0.47667197446117837"
"72-43-5","72-43-5","0.6953548694053638"
"57-63-6","57-63-6","0.6203667410151409"
"78-48-8","78-48-8","0.3969874935007603"
"110-80-5","110-80-5","0.04701698701111563"
"106-23-0","106-23-0","0.09916776328396228"
"114-07-8","114-07-8","0.3957592172013338"
"64-10-8","64-10-8","0.34567259477015755"
"108-87-2","108-87-2","0.17800568528382257"
"1929-77-7","1929-77-7","0.36128050413691937"
"118-52-5","118-52-5","0.1516366929918208"
"85509-19-9","85509-19-9","0.601720849545456"
"484-17-3","484-17-3","0.7712312054627436"
"609-54-1","609-54-1","0.368686096966995"
"4390-04-9","4390-04-9","0.2661123685811844"
"23135-22-0","23135-22-0","0.23796935989493653"
"111-69-3","111-69-3","0.14250961893008393"
"122454-29-9","122454-29-9","0.6264390074985657"
"375-95-1","375-95-1","0.2355329594219738"
"51-21-8","51-21-8","0.24535881380983596"
"68844-77-9","68844-77-9","0.5527624586573845"
"17420-30-3","17420-30-3","0.3980515533396482"
"76014-81-8","76014-81-8","0.44550344396001323"
"576-26-1","576-26-1","0.5244193458396296"
"77-06-5","77-06-5","0.4524271537135121"
"725228-45-5","725228-45-5","0.6803956325382627"
"4180-23-8","4180-23-8","0.4947204526731962"
"643-79-8","643-79-8","0.3195383706845753"
"139-87-7","139-87-7","0.1472644001171121"
"7786-61-0","7786-61-0","0.7167476084817038"
"95-32-9","95-32-9","0.661347597968782"
"110-33-8","110-33-8","0.2442150563070752"
"2859-67-8","2859-67-8","0.4156031978783281"
"5850-86-2","5850-86-2","0.5610282010856527"
"127-47-9","127-47-9","0.3864749747931648"
"68-26-8","68-26-8","0.3931346386343247"
"34014-18-1","34014-18-1","0.47953913575366225"
"962-58-3","962-58-3","0.6422873630300429"
"92-52-4","92-52-4","0.5062446825331487"
"51235-04-2","51235-04-2","0.4329846439596443"
"51580-86-0","51580-86-0","0.33662279747542917"
"584-13-4","584-13-4","0.12920768744107192"
"57018-04-9","57018-04-9","0.7705205342928225"
"27138-31-4","27138-31-4","0.5927936083409892"
"1918-00-9","1918-00-9","0.5088408830739517"
"81-30-1","81-30-1","0.4678729543265706"
"111-85-3","111-85-3","0.1883487202510571"
"51229-78-8","51229-78-8","0.33529285292673594"
"485-31-4","485-31-4","0.4967054344463325"
"361377-29-9","361377-29-9","0.6002077609981451"
"116-17-6","116-17-6","0.2006606576380301"
"3026-63-9","3026-63-9","0.20307264502610323"
"87-62-7","87-62-7","0.4063223514502925"
"51630-58-1","51630-58-1","0.5891871067492537"
"56-04-2","56-04-2","0.32505091973630196"
"3913-02-8","3913-02-8","0.18567363098697734"
"50892-23-4","50892-23-4","0.6564560350266553"
"67-20-9","67-20-9","0.3232755274214668"
"16752-77-5","16752-77-5","0.15158919374268529"
"111-90-0","111-90-0","0.0905289708071215"
"31519-22-9","31519-22-9","0.5678476262985976"
"864283-48-7","864283-48-7","0.44780451510028685"
"110-15-6","110-15-6","0.1414798880959026"
"131-17-9","131-17-9","0.53561611978941"
"71283-80-2","71283-80-2","0.7190166683400926"
"69327-76-0","69327-76-0","0.5689816777455349"
"873-32-5","873-32-5","0.3049359254521017"
"142-29-0","142-29-0","0.14165531037535395"
"127308-82-1","127308-82-1","0.5308726556946016"
"101-10-0","101-10-0","0.5530116711817865"
"13171-00-1","13171-00-1","0.40007008067525995"
"668981-02-0","668981-02-0","0.7773058008281453"
"95266-40-3","95266-40-3","0.4266177821217053"
"107-75-5","107-75-5","0.1772237560010851"
"1034-01-1","1034-01-1","0.4806137634018773"
"3033-77-0","3033-77-0","0.09392982397751924"
"NOCAS_47353","NOCAS_47353","0.4386295938559762"
"67485-29-4","67485-29-4","0.4462402825006487"
"496-46-8","496-46-8","0.29037544617844213"
"2402-78-0","2402-78-0","0.20896969342727967"
"186392-65-4","186392-65-4","0.4845091906946999"
"1646-75-9","1646-75-9","0.16147139167056554"
"111-27-3","111-27-3","0.05870271686528716"
"83-41-0","83-41-0","0.27026318667018456"
"68959-20-6","68959-20-6","0.33809006309695716"
"109-08-0","109-08-0","0.13460167453081506"
"35691-65-7","35691-65-7","0.22861439616216955"
"924-16-3","924-16-3","0.14119310342576974"
"82-68-8","82-68-8","0.42384695515474513"
"69-65-8","69-65-8","0.18616642380858597"
"103361-09-7","103361-09-7","0.6061076520087522"
"3006-93-7","3006-93-7","0.4938606312709433"
"42978-66-5","42978-66-5","0.27282780177301386"
"585-34-2","585-34-2","0.6393155351816348"
"15046-75-0","15046-75-0","0.3101084100704028"
"78-62-6","78-62-6","0.09383094670097063"
"3855-32-1","3855-32-1","0.2706255346248696"
"7492-66-2","7492-66-2","0.22200566447970643"
"6842-15-5","6842-15-5","0.19797536727003606"
"78491-02-8","78491-02-8","0.3262662045365967"
"108-31-6","108-31-6","0.07396095763004626"
"87-91-2","87-91-2","0.18127567195782643"
"124-13-0","124-13-0","0.10413687007437014"
"4437-85-8","4437-85-8","0.13324165546211217"
"3277-26-7","3277-26-7","0.13586059425112462"
"219714-96-2","219714-96-2","0.4327434150496026"
"72178-02-0","72178-02-0","0.5345229528747748"
"59-05-2","59-05-2","0.41972080980633913"
"5146-66-7","5146-66-7","0.16914813408423374"
"57-09-0","57-09-0","0.2524664849547431"
"112410-23-8","112410-23-8","0.4824134067794569"
"2390-60-5","2390-60-5","0.39938549175438665"
"67747-09-5","67747-09-5","0.6476478817850654"
"101-84-8","101-84-8","0.6596963552096352"
"5405-41-4","5405-41-4","0.03434999130589089"
"133-06-2","133-06-2","0.4685496395595958"
"1541-81-7","1541-81-7","0.3625795864922978"
"66-27-3","66-27-3","0.036821415654489174"
"119-47-1","119-47-1","0.42256268681782955"
"79-09-4","79-09-4","0.05011399079277873"
"142-16-5","142-16-5","0.30128224801937636"
"62-75-9","62-75-9","0.04351766036900351"
"50-14-6","50-14-6","0.41359902365860135"
"684-93-5","684-93-5","0.07500110848044286"
"2310-17-0","2310-17-0","0.6935232503104757"
"2588-04-7","2588-04-7","0.43911802873964917"
"77-93-0","77-93-0","0.2597561114017012"
"76-44-8","76-44-8","0.36973141478129107"
"480-40-0","480-40-0","0.7714254664253204"
"81335-77-5","81335-77-5","0.467793809690575"
"95-94-3","95-94-3","0.3202077118269828"
"140-66-9","140-66-9","0.5092315312104124"
"115-95-7","115-95-7","0.16865575036938524"
"142-31-4","142-31-4","0.19065517970107468"
"95-56-7","95-56-7","0.5733443050464223"
"16529-56-9","16529-56-9","0.09924349884282498"
"65-23-6","65-23-6","0.4049691163989169"
"60-56-0","60-56-0","0.20409820847368906"
"108-74-7","108-74-7","0.1540995762803176"
"2058-46-0","2058-46-0","0.34373694218501943"
"1689-84-5","1689-84-5","0.6410283248876542"
"98-86-2","98-86-2","0.18299318315394836"
"1939-36-2","1939-36-2","0.34368929158282424"
"623-36-9","623-36-9","0.05393981599316691"
"110-93-0","110-93-0","0.05052070046267493"
"51218-45-2","51218-45-2","0.5411732478698524"
"556-67-2","556-67-2","0.30264662355524863"
"51-28-5","51-28-5","0.45357572648530214"
"135-20-6","135-20-6","0.3276001773653471"
"75-99-0","75-99-0","0.10490170684321776"
"6359-90-6","6359-90-6","0.5133175267724542"
"105-99-7","105-99-7","0.2300901106974624"
"116-02-9","116-02-9","0.16993722050785343"
"82640-04-8","82640-04-8","0.5440896776817636"
"533-23-3","533-23-3","0.6979236788041923"
"621-64-7","621-64-7","0.08133384308199396"
"126-30-7","126-30-7","0.03935388957545834"
"108-46-3","108-46-3","0.5242896224625442"
"125116-23-6","125116-23-6","0.7468848924625625"
"134605-64-4","134605-64-4","0.49769202350236375"
"627-18-9","627-18-9","0.07104451005660038"
"298-46-4","298-46-4","0.6561733790773394"
"10453-86-8","10453-86-8","0.5683011673869798"
"4376-20-9","4376-20-9","0.48228761002241044"
"874-60-2","874-60-2","0.3255288386031473"
"81-61-8","81-61-8","0.5330031660167681"
"134-03-2","134-03-2","0.24059687220865505"
"68-12-2","68-12-2","0.044197634470148024"
"58394-64-2","58394-64-2","0.3912091892482891"
"60-54-8","60-54-8","0.3550764164430288"
"19721-22-3","19721-22-3","0.04922030035102837"
"5103-74-2","5103-74-2","0.360095500968432"
"104-45-0","104-45-0","0.4245662153585254"
"23696-85-7","23696-85-7","0.31218936813701564"
"57966-95-7","57966-95-7","0.24284848754018923"
"94-26-8","94-26-8","0.6700295576107778"
"NOCAS_47267","NOCAS_47267","0.578071326754776"
"298-04-4","298-04-4","0.47255752999166256"
"20265-97-8","20265-97-8","0.5248478036353109"
"140-95-4","140-95-4","0.1974592071191492"
"123-01-3","123-01-3","0.3095919826186998"
"NOCAS_47255","NOCAS_47255","0.43492727123816816"
"140-08-9","140-08-9","0.24765869546649516"
"2425-77-6","2425-77-6","0.21149002452038204"
"57-41-0","57-41-0","0.6181350785501747"
"3739-38-6","3739-38-6","0.7333369900532714"
"579-66-8","579-66-8","0.5104922524258211"
"4584-49-0","4584-49-0","0.09437912899065312"
"1024-57-3","1024-57-3","0.41791098789997"
"2416-94-6","2416-94-6","0.5526796701913997"
"55283-68-6","55283-68-6","0.46084799606593074"
"103-56-0","103-56-0","0.5171269420606088"
"78-07-9","78-07-9","0.15987312494970948"
"81-81-2","81-81-2","0.7407932527795212"
"25956-17-6","25956-17-6","0.4277888599794503"
"99-99-0","99-99-0","0.27504228353065796"
"99-85-4","99-85-4","0.142732275731599"
"569-64-2","569-64-2","0.5359350354086372"
"10016-20-3","10016-20-3","0.3073193541820535"
"19774-82-4","19774-82-4","0.44636387797482135"
"584-03-2","584-03-2","0.0651021607889781"
"1191914-21-2","1191914-21-2","0.4013898813879538"
"115-96-8","115-96-8","0.2638857063232387"
"106-22-9","106-22-9","0.1696080621570162"
"645-62-5","645-62-5","0.046068927080681714"
"56-37-1","56-37-1","0.3296013332701731"
"50471-44-8","50471-44-8","0.5824894989840574"
"92-68-2","92-68-2","0.3192881988525489"
"289716-94-5","289716-94-5","0.8022833204937782"
"50-33-9","50-33-9","0.6167497535136501"
"611-59-6","611-59-6","0.3586505617211309"
"104-51-8","104-51-8","0.21299829381601196"
"90-12-0","90-12-0","0.35263776353015186"
"143-07-7","143-07-7","0.26126814826875067"
"129298-91-5","129298-91-5","0.47243498425702773"
"88-41-5","88-41-5","0.23353569424337917"
"126833-17-8","126833-17-8","0.6785320499993738"
"16079-88-2","16079-88-2","0.17630444445915877"
"1646-88-4","1646-88-4","0.230969976472675"
"98-53-3","98-53-3","0.14959977718630896"
"111-96-6","111-96-6","0.13085023997596645"
"637-07-0","637-07-0","0.7057257568358283"
"60-35-5","60-35-5","0.04263520322262541"
"1942-71-8","1942-71-8","0.6042272456806911"
"137-42-8","137-42-8","0.11394240111589146"
"544-01-4","544-01-4","0.13966857366218904"
"4130-42-1","4130-42-1","0.3669370547459196"
"124-18-5","124-18-5","0.2503263042037716"
"112-29-8","112-29-8","0.2303316201892707"
"525-79-1","525-79-1","0.5792096736887633"
"6893-02-3","6893-02-3","0.5902824085377264"
"79-44-7","79-44-7","0.06278917110716603"
"110-01-0","110-01-0","0.154963820099945"
"15299-99-7","15299-99-7","0.6354061007950395"
"1076-97-7","1076-97-7","0.28947602482220863"
"102676-31-3","102676-31-3","0.6865292677853821"
"124495-18-7","124495-18-7","0.7263661597958253"
"28434-00-6","28434-00-6","0.5380015229774933"
"138472-01-2","138472-01-2","0.25401014933618493"
"107071-66-9","107071-66-9","0.4042699996407636"
"95-80-7","95-80-7","0.6975265309418219"
"5655-61-8","5655-61-8","0.2606043059365493"
"2772-45-4","2772-45-4","0.49522846208378746"
"90982-32-4","90982-32-4","0.4753093875377231"
"444610-91-7","444610-91-7","0.4340025959377561"
"199119-58-9","199119-58-9","0.4166277195873864"
"140-11-4","140-11-4","0.2961913038081125"
"95-69-2","95-69-2","0.6286139648385586"
"550-44-7","550-44-7","0.3941625888802902"
"1189-08-8","1189-08-8","0.225494848924445"
"29420-49-3","29420-49-3","0.22217828612436905"
"119515-38-7","119515-38-7","0.41607321599053215"
"10540-29-1","10540-29-1","0.48890014540719745"
"6317-18-6","6317-18-6","0.20341428419571958"
"141-43-5","141-43-5","0.04822801614534268"
"104-61-0","104-61-0","0.15754381893018748"
"111-31-9","111-31-9","0.10725704467976228"
"335-67-1","335-67-1","0.2280177468245438"
"117718-60-2","117718-60-2","0.4587510568892445"
"123-51-3","123-51-3","0.05461991918141847"
"85-22-3","85-22-3","0.40188614954492075"
"3852-09-3","3852-09-3","0.05676234696148254"
"89-87-2","89-87-2","0.28345885121592274"
"97-89-2","97-89-2","0.2150316318671261"
"106-27-4","106-27-4","0.0936079180420811"
"126-11-4","126-11-4","0.14341818764721911"
"149-57-5","149-57-5","0.12350781443951835"
"77-86-1","77-86-1","0.11147443261204033"
"123343-16-8","123343-16-8","0.6416568231658694"
"717-74-8","717-74-8","0.2988671859811147"
"5437-45-6","5437-45-6","0.5090407018728184"
"3194-55-6","3194-55-6","0.3582356930670385"
"130-15-4","130-15-4","0.49738547729853805"
"3737-41-5","3737-41-5","0.23184281043787455"
"1191-50-0","1191-50-0","0.1945482389880578"
"111991-09-4","111991-09-4","0.4173098089486682"
"26172-55-4","26172-55-4","0.18055609753120364"
"110-91-8","110-91-8","0.07860176503236264"
"6385-62-2","6385-62-2","0.4884306271627387"
"124-09-4","124-09-4","0.1539802563105969"
"30560-19-1","30560-19-1","0.18561239676379884"
"1135-66-6","1135-66-6","0.364541994389488"
"124-03-8","124-03-8","0.2685166789209093"
"4151-50-2","4151-50-2","0.2769643745547322"
"27955-94-8","27955-94-8","0.7013295892445278"
"86-98-6","86-98-6","0.4861452102175069"
"83834-59-7","83834-59-7","0.5155956221364556"
"52663-68-0","52663-68-0","0.4721589585367447"
"616-47-7","616-47-7","0.09880557149926145"
"2043-57-4","2043-57-4","0.24232827006628338"
"123-56-8","123-56-8","0.08527270234145283"
"111-34-2","111-34-2","0.06055423549497202"
"104-87-0","104-87-0","0.22552168793845306"
"51-24-1","51-24-1","0.6356543629469202"
"107-92-6","107-92-6","0.06784439394305462"
"121-14-2","121-14-2","0.4648488248286435"
"14351-66-7","14351-66-7","0.4752393895553039"
"20018-09-1","20018-09-1","0.4683400163212518"
"12427-38-2","12427-38-2","0.26673129163295206"
"69377-81-7","69377-81-7","0.45896264221112654"
"107-51-7","107-51-7","0.25616014704670226"
"NOCAS_47333","NOCAS_47333","0.5470475169166966"
"84-15-1","84-15-1","0.5670121024133976"
"103-26-4","103-26-4","0.40460280698131335"
"2409-55-4","2409-55-4","0.564862397217926"
"872-50-4","872-50-4","0.06589248155847423"
"140-49-8","140-49-8","0.6412587151533015"
"126-73-8","126-73-8","0.30469443107938565"
"7779-27-3","7779-27-3","0.212160069309801"
"97-86-9","97-86-9","0.06442574964008328"
"175178-82-2","175178-82-2","0.8443740910761174"
"NOCAS_47379","NOCAS_47379","0.4829044531599768"
"5949-05-3","5949-05-3","0.09872658681337404"
"104-67-6","104-67-6","0.2880441017921925"
"58430-94-7","58430-94-7","0.13300648436983706"
"463-40-1","463-40-1","0.27799107525691613"
"5902-51-2","5902-51-2","0.4321865659937322"
"111-14-8","111-14-8","0.12444209030040573"
"102-76-1","102-76-1","0.17773520496498668"
"80-48-8","80-48-8","0.35932558388641384"
"108-03-2","108-03-2","0.05089540273239122"
"23726-91-2","23726-91-2","0.2981324129045564"
"NOCAS_47346","NOCAS_47346","0.5064558636631168"
"58-14-0","58-14-0","0.7849323502939695"
"4422-95-1","4422-95-1","0.4976793682707987"
"104-82-5","104-82-5","0.2284396173921899"
"100-01-6","100-01-6","0.423195725112381"
"NOCAS_48509","NOCAS_48509","0.4858155126524034"
"101-54-2","101-54-2","0.8291424926765394"
"90325-47-6","90325-47-6","0.11575382530238418"
"184653-84-7","184653-84-7","0.662966969598991"
"108-91-8","108-91-8","0.14186647255738907"
"33228-45-4","33228-45-4","0.5499250923200926"
"105-90-8","105-90-8","0.19807217959698892"
"57-13-6","57-13-6","0.11843441356140785"
"15619-48-4","15619-48-4","0.6371833620401591"
"577-11-7","577-11-7","0.34170388992088296"
"4107-98-6","4107-98-6","0.33634521177571514"
"1675-54-3","1675-54-3","0.622008668551477"
"2058-94-8","2058-94-8","0.2534475194679668"
"60168-88-9","60168-88-9","0.7699378219946863"
"131-52-2","131-52-2","0.5401001458929192"
"553-70-8","553-70-8","0.33278313940811577"
"96-70-8","96-70-8","0.5947375067357644"
"73-31-4","73-31-4","0.6320257313740545"
"26644-46-2","26644-46-2","0.3959669048703113"
"75-12-7","75-12-7","0.06506439954953891"
"22915-73-7","22915-73-7","0.5469367977727202"
"116-29-0","116-29-0","0.55970336245626"
"53112-28-0","53112-28-0","0.7883305574783814"
"110-42-9","110-42-9","0.17068835218614478"
"108-89-4","108-89-4","0.1771879612307341"
"643-28-7","643-28-7","0.44472453887015156"
"728-40-5","728-40-5","0.3983088557046795"
"647-42-7","647-42-7","0.24973700362100512"
"2465-27-2","2465-27-2","0.5823702715134486"
"111-76-2","111-76-2","0.06816080295006928"
"827-21-4","827-21-4","0.3421579822754201"
"85-01-8","85-01-8","0.7157838913881285"
"824-78-2","824-78-2","0.38841239561917457"
"821-55-6","821-55-6","0.10997040499938439"
"230954-09-3","230954-09-3","0.539186481624362"
"79-07-2","79-07-2","0.0576108384287543"
"67-71-0","67-71-0","0.06295962394219687"
"60207-90-1","60207-90-1","0.7327634408949192"
"134-31-6","134-31-6","0.5358993396257286"
"1118-92-9","1118-92-9","0.14186484818789016"
"213464-77-8","213464-77-8","0.4376308113913355"
"98-02-2","98-02-2","0.17699176351399268"
"79-19-6","79-19-6","0.12005180424090317"
"96-76-4","96-76-4","0.40443707674454293"
"18172-67-3","18172-67-3","0.22365486198748893"
"26530-20-1","26530-20-1","0.3676396145974838"
"NOCAS_48514","NOCAS_48514","0.5945503636009272"
"NOCAS_48176","NOCAS_48176","0.4157134365335677"
"527680-56-4","527680-56-4","0.5842063859935326"
"75-64-9","75-64-9","0.07575972715028949"
"109293-97-2","109293-97-2","0.5526910839075396"
"62-74-8","62-74-8","0.11221907928915437"
"110-65-6","110-65-6","0.10375684811969599"
"526-73-8","526-73-8","0.21878975854203667"
"3173-72-6","3173-72-6","0.5543699686434891"
"104-43-8","104-43-8","0.38049054215095457"
"1609-47-8","1609-47-8","0.13738660820342077"
"142-92-7","142-92-7","0.06765902308478954"
"836-30-6","836-30-6","0.7035544432972103"
"59227-89-3","59227-89-3","0.3061180496622271"
"6915-15-7","6915-15-7","0.15804326504347158"
"60-51-5","60-51-5","0.3147407474120407"
"68392-35-8","68392-35-8","0.5826134523738363"
"94-18-8","94-18-8","0.7631057989957465"
"51338-27-3","51338-27-3","0.7829545333713988"
"6923-22-4","6923-22-4","0.22069817503820155"
"110553-27-0","110553-27-0","0.38716452737675333"
"131-55-5","131-55-5","0.6172933013006688"
"498-81-7","498-81-7","0.21308671425152587"
"NOCAS_48518","NOCAS_48518","0.462771931406212"
"40487-42-1","40487-42-1","0.5092670099671899"
"188489-07-8","188489-07-8","0.6058857644373334"
"3653-48-3","3653-48-3","0.5021960276548423"
"207736-05-8","207736-05-8","0.3989153784144579"
"763-29-1","763-29-1","0.09581221711978509"
"14765-30-1","14765-30-1","0.17120922458882948"
"1879-09-0","1879-09-0","0.49832284220214584"
"301-00-8","301-00-8","0.24853844860799706"
"139968-49-3","139968-49-3","0.4636479296308741"
"678-39-7","678-39-7","0.24168085192227542"
"253450-09-8","253450-09-8","0.5663107334918266"
"756-79-6","756-79-6","0.06858118867305502"
"52-86-8","52-86-8","0.6356088791430379"
"66-71-7","66-71-7","0.5916328343388862"
"81-07-2","81-07-2","0.2813156348173652"
"56-95-1","56-95-1","0.4994820413657775"
"609-23-4","609-23-4","0.6043160466342911"
"112-70-9","112-70-9","0.18684169250823796"
"99129-21-2","99129-21-2","0.5427335850352784"
"72-55-9","72-55-9","0.4894904527413789"
"2392-39-4","2392-39-4","0.41718274754644286"
"5153-25-3","5153-25-3","0.5867460612645362"
"1120-21-4","1120-21-4","0.26293702275858805"
"107-41-5","107-41-5","0.06575178611927714"
"827-19-0","827-19-0","0.3426672075967702"
"50-22-6","50-22-6","0.49652821653294354"
"106-24-1","106-24-1","0.18441221284545709"
"54-31-9","54-31-9","0.4443133389425946"
"142-08-5","142-08-5","0.16763443675487844"
"4856-95-5","4856-95-5","0.07860176503236264"
"623-33-6","623-33-6","0.037859336440199017"
"55-98-1","55-98-1","0.19348146429115995"
"1752-30-3","1752-30-3","0.11628837928422668"
"7696-12-0","7696-12-0","0.5058019104732708"
"493-52-7","493-52-7","0.7132084180887063"
"591-12-8","591-12-8","0.07796865324456397"
"94-75-7","94-75-7","0.4948467133402761"
"89-75-8","89-75-8","0.463083754524502"
"102-60-3","102-60-3","0.23825561267671297"
"1885-38-7","1885-38-7","0.37460758528101307"
"1194-65-6","1194-65-6","0.4602962709041247"
"5116-94-9","5116-94-9","0.23200946183917787"
"78-63-7","78-63-7","0.2762739228210145"
"552-30-7","552-30-7","0.3755660453886247"
"78-51-3","78-51-3","0.299785356826428"
"118-71-8","118-71-8","0.2816850912433194"
"7173-51-5","7173-51-5","0.30108003703493863"
"2078-54-8","2078-54-8","0.5677944870611318"
"2426-54-2","2426-54-2","0.08598758663052647"
"3025-30-7","3025-30-7","0.1633362625722461"
"111-42-2","111-42-2","0.14383430140238043"
"1156-19-0","1156-19-0","0.4859626267451728"
"3064-70-8","3064-70-8","0.2045980210094854"
"79622-59-6","79622-59-6","0.46321138238296233"
"58-86-6","58-86-6","0.17403594639915732"
"99-54-7","99-54-7","0.33558554041951716"
"102-71-6","102-71-6","0.18792324966601912"
"163520-33-0","163520-33-0","0.7166034917192566"
"122-20-3","122-20-3","0.18121459206557425"
"39515-41-8","39515-41-8","0.590505203200085"
"742693-38-5","742693-38-5","0.5667418539784397"
"57-50-1","57-50-1","0.2835537597680484"
"29091-21-2","29091-21-2","0.46164746668398843"
"111-30-8","111-30-8","0.07584084022669761"
"10094-34-5","10094-34-5","0.44840585273351885"
"709-98-8","709-98-8","0.6334876874355351"
"291305-06-1","291305-06-1","0.6018729998058399"
"98-06-6","98-06-6","0.17310296417702822"
"96-54-8","96-54-8","0.1321194461028999"
"78-69-3","78-69-3","0.12378575755727375"
"2386-87-0","2386-87-0","0.45011750972690634"
"55285-14-8","55285-14-8","0.48837141184709365"
"221671-62-1","221671-62-1","0.40852789811570855"
"88-85-7","88-85-7","0.5350390812151987"
"288-88-0","288-88-0","0.12054528259515689"
"19660-16-3","19660-16-3","0.1665572116655574"
"141-66-2","141-66-2","0.22194860448776402"
"NOCAS_47377","NOCAS_47377","0.4185192975552699"
"205-99-2","205-99-2","0.6352777252065285"
"120-36-5","120-36-5","0.5325141494008041"
"142-19-8","142-19-8","0.09954300289926474"
"330-55-2","330-55-2","0.5932637442568278"
"15625-89-5","15625-89-5","0.28491077419108535"
"140-10-3","140-10-3","0.4886701401212165"
"331623-06-4","331623-06-4","0.45720086224895273"
"55-18-5","55-18-5","0.07334745370536909"
"1861-40-1","1861-40-1","0.4629497297204475"
"107-46-0","107-46-0","0.17649168499370568"
"106-32-1","106-32-1","0.11393296121291023"
"628-81-9","628-81-9","0.03861740831501399"
"NOCAS_48522","NOCAS_48522","0.3646247056132738"
"1489-69-6","1489-69-6","0.04260776982777209"
"95-53-4","95-53-4","0.3585718413642048"
"5103-71-9","5103-71-9","0.360095500968432"
"112-60-7","112-60-7","0.20843411423205738"
"839-90-7","839-90-7","0.3250501085988007"
"60-57-1","60-57-1","0.40436475789435866"
"3383-96-8","3383-96-8","0.5851678392388312"
"2114-11-6","2114-11-6","0.07722515729239804"
"97-00-7","97-00-7","0.42355443128191084"
"626-64-2","626-64-2","0.29468675608450373"
"72490-01-8","72490-01-8","0.6609851396401243"
"5870-93-9","5870-93-9","0.12517589126570622"
"102-85-2","102-85-2","0.23414915414575088"
"462-95-3","462-95-3","0.029072630286352267"
"495-18-1","495-18-1","0.35334547112260317"
"120-71-8","120-71-8","0.6086977518250964"
"73-22-3","73-22-3","0.45836800439520053"
"NOCAS_47292","NOCAS_47292","0.4402808593472632"
"108-32-7","108-32-7","0.09430772441805851"
"72-54-8","72-54-8","0.5098666942527422"
"112-35-6","112-35-6","0.13663101130339617"
"3452-97-9","3452-97-9","0.10647035921118489"
"79-30-1","79-30-1","0.03133079581424243"
"121-54-0","121-54-0","0.3786485037673931"
"58-85-5","58-85-5","0.3615994368232752"
"6381-77-7","6381-77-7","0.24059687220865505"
"959-98-8","959-98-8","0.510461007634741"
"80-09-1","80-09-1","0.5829404657594224"
"140939-17-9","140939-17-9","0.45565521938762993"
"88-30-2","88-30-2","0.430626118549587"
"586-62-9","586-62-9","0.1663590719183233"
"78-46-6","78-46-6","0.2940939606316381"
"131807-57-3","131807-57-3","0.63381698363763"
"95-49-8","95-49-8","0.221156462503134"
"140939-15-7","140939-15-7","0.3786661277390914"
"117-80-6","117-80-6","0.5442449654240559"
"123-35-3","123-35-3","0.14010542574479934"
"75-07-0","75-07-0","0.03255170554611219"
"68157-60-8","68157-60-8","0.6998079610734255"
"98886-44-3","98886-44-3","0.454910652872545"
"112-12-9","112-12-9","0.14749429545000464"
"821-48-7","821-48-7","0.11587414632361595"
"99-08-1","99-08-1","0.26205613194306837"
"2432-87-3","2432-87-3","0.26495861070309124"
"96182-53-5","96182-53-5","0.6475166859264112"
"NOCAS_47383","NOCAS_47383","0.5163709259342479"
"110-12-3","110-12-3","0.05397161189641128"
"110-97-4","110-97-4","0.09429886664999397"
"31482-56-1","31482-56-1","0.6134460857276607"
"107-54-0","107-54-0","0.08143749228183292"
"123-11-5","123-11-5","0.44184274476140833"
"4584-46-7","4584-46-7","0.10694290928808782"
"478149-53-0","478149-53-0","0.513889845953968"
"1702-17-6","1702-17-6","0.3683830358882764"
"30516-87-1","30516-87-1","0.3848137277783411"
"741-58-2","741-58-2","0.5488871395984599"
"868-57-5","868-57-5","0.0224866969903112"
"3648-21-3","3648-21-3","0.43259584450577904"
"16672-87-0","16672-87-0","0.12221421453332292"
"147526-32-7","147526-32-7","0.5637912117020227"
"27253-33-4","27253-33-4","0.20851210842106352"
"86479-06-3","86479-06-3","0.4563337229967903"
"140-56-7","140-56-7","0.4351535852632896"
"6422-86-2","6422-86-2","0.43160034865689795"
"123-96-6","123-96-6","0.08876838927303199"
"35554-44-0","35554-44-0","0.6943317604579132"
"124-07-2","124-07-2","0.16887917153716278"
"NOCAS_47265","NOCAS_47265","0.4482650265159045"
"23386-52-9","23386-52-9","0.3748999320360404"
"619-73-8","619-73-8","0.39800470638033303"
"97322-87-7","97322-87-7","0.5735754545920845"
"5349-51-9","5349-51-9","0.29731648680575534"
"56070-16-7","56070-16-7","0.4482117746743723"
"57837-19-1","57837-19-1","0.46273255987727774"
"91-20-3","91-20-3","0.3401886583938862"
"69806-50-4","69806-50-4","0.5808107731419766"
"1478-61-1","1478-61-1","0.5459489558024206"
"763-32-6","763-32-6","0.06252257207146453"
"10061-01-5","10061-01-5","0.06965012494008914"
"69-09-0","69-09-0","0.672562180937186"
"56-75-7","56-75-7","0.4225533742638563"
"298-07-7","298-07-7","0.31259793761624427"
"2835-39-4","2835-39-4","0.07641150735095834"
"99-63-8","99-63-8","0.4429508865246094"
"111-11-5","111-11-5","0.11522351046445185"
"103-34-4","103-34-4","0.34171393298337965"
"3056-17-5","3056-17-5","0.40665243147834645"
"13676-54-5","13676-54-5","0.6042084507912054"
"80-54-6","80-54-6","0.3704826310933678"
"271-89-6","271-89-6","0.2794708919197809"
"78-59-1","78-59-1","0.09994256311660832"
"55589-62-3","55589-62-3","0.1860446964017191"
"7747-35-5","7747-35-5","0.10450430731651882"
"636-21-5","636-21-5","0.3523218413642048"
"NOCAS_47305","NOCAS_47305","0.4749606090201368"
"1114-71-2","1114-71-2","0.3473917891617765"
"77-90-7","77-90-7","0.3459770904009527"
"2702-72-9","2702-72-9","0.5029314463764576"
"59669-26-0","59669-26-0","0.34513393487505917"
"16356-11-9","16356-11-9","0.16270354181338248"
"108-38-3","108-38-3","0.18119262032921987"
"2499-95-8","2499-95-8","0.07888142581822166"
"200940-23-4","200940-23-4","0.6306838987031834"
"5694-00-8","5694-00-8","0.08912936189888847"
"6359-82-6","6359-82-6","0.49023903550113035"
"196808-45-4","196808-45-4","0.4899648794972355"
"33956-49-9","33956-49-9","0.2437369199615608"
"83-32-9","83-32-9","0.5262193428418742"
"2687-96-9","2687-96-9","0.29905705138477773"
"109-43-3","109-43-3","0.218834245859493"
"6174-86-3","6174-86-3","0.60668913204001"
"95-83-0","95-83-0","0.6639705239865309"
"5877-42-9","5877-42-9","0.17708091520317423"
"122008-85-9","122008-85-9","0.6791844616965136"
"139-88-8","139-88-8","0.3092923838940049"
"109-52-4","109-52-4","0.08009538816535432"
"109-78-4","109-78-4","0.054551200778607756"
"1987-50-4","1987-50-4","0.6321303750316145"
"163515-14-8","163515-14-8","0.5378872874473872"
"83-56-7","83-56-7","0.7851086880611962"
"5131-66-8","5131-66-8","0.04636571350740736"
"95-48-7","95-48-7","0.46604598086391585"
"104-40-5","104-40-5","0.5083198232915285"
"112-42-5","112-42-5","0.1780787542076033"
"2492-26-4","2492-26-4","0.4412668612931214"
"544-76-3","544-76-3","0.2723171159560178"
"78-98-8","78-98-8","0.022616057019306947"
"1111-78-0","1111-78-0","0.15892460406969"
"112-14-1","112-14-1","0.12574969030814334"
"3319-31-1","3319-31-1","0.36373216430562244"
"110-05-4","110-05-4","0.13084956480292453"
"6283-25-6","6283-25-6","0.43588991560109996"
"1897-45-6","1897-45-6","0.49812854614177127"
"60-33-3","60-33-3","0.27326212416732437"
"999-97-3","999-97-3","0.1814386025934297"
"123-17-1","123-17-1","0.1990834046164611"
"60-12-8","60-12-8","0.38990779702395356"
"93-56-1","93-56-1","0.4397285326286014"
"61949-77-7","61949-77-7","0.6137958929191616"
"1095-90-5","1095-90-5","0.4974246130694441"
"13048-33-4","13048-33-4","0.20947461788339727"
"77-89-4","77-89-4","0.30667796440889833"
"111-44-4","111-44-4","0.09768834343868212"
"122836-35-5","122836-35-5","0.4760145009203338"
"3647-69-6","3647-69-6","0.14346146861206222"
"112-27-6","112-27-6","0.15473243875880968"
"1139-30-6","1139-30-6","0.38525383771696226"
"51-79-6","51-79-6","0.06684380696081675"
"121-79-9","121-79-9","0.5074840019448922"
"22248-79-9","22248-79-9","0.5835491368999116"
"126-00-1","126-00-1","0.6626876659612752"
"1067-53-4","1067-53-4","0.21483364231495702"
"929-59-9","929-59-9","0.15906650073203446"
"7212-44-4","7212-44-4","0.2704120649838134"
"10022-28-3","10022-28-3","0.1463393500331026"
"302-79-4","302-79-4","0.4040688308280883"
"3147-75-9","3147-75-9","0.5847300280785707"
"120-82-1","120-82-1","0.2577864558973149"
"93-65-2","93-65-2","0.5439828304743362"
"58-08-2","58-08-2","0.34390361334210673"
"101-61-1","101-61-1","0.5837572651877676"
"NOCAS_47325","NOCAS_47325","0.48275702387015307"
"77-83-8","77-83-8","0.5550166149887925"
"121-72-2","121-72-2","0.2738409613898656"
"19666-30-9","19666-30-9","0.6271177424956601"
"626-39-1","626-39-1","0.3709613635794301"
"97-77-8","97-77-8","0.3922083851284696"
"93-52-7","93-52-7","0.36907229362204563"
"10265-92-6","10265-92-6","0.12461952305427035"
"827-94-1","827-94-1","0.5201043361176797"
"99-65-0","99-65-0","0.39608398930918204"
"115-28-6","115-28-6","0.4197251161543701"
"1873-88-7","1873-88-7","0.23586159559710812"
"460-00-4","460-00-4","0.3099645016419558"
"85721-33-1","85721-33-1","0.518193499931371"
"147-81-9","147-81-9","0.13907689250090485"
"113136-77-9","113136-77-9","0.5670570953319983"
"307-24-4","307-24-4","0.21813173357077023"
"109-86-4","109-86-4","0.051438899619472386"
"63-42-3","63-42-3","0.2815613212440002"
"648917-13-9","648917-13-9","0.5307920723899491"
"144550-36-7","144550-36-7","0.4617025368918442"
"124-04-9","124-04-9","0.15648292735979377"
"131-70-4","131-70-4","0.4984278912728328"
"2761-24-2","2761-24-2","0.20661778096399033"
"91-67-8","91-67-8","0.3543870523104615"
"93-92-5","93-92-5","0.36896180874443674"
"3268-49-3","3268-49-3","0.06197310810786633"
"3424-82-6","3424-82-6","0.49463321131397203"
"6485-40-1","6485-40-1","0.17463958675007185"
"104-76-7","104-76-7","0.0669296061335914"
"104795-68-8","104795-68-8","0.6946838504613637"
"10605-21-7","10605-21-7","0.5269850040472903"
"94-74-6","94-74-6","0.5270482697184559"
"26225-79-6","26225-79-6","0.6450532129519416"
"79277-27-3","79277-27-3","0.3942380518045776"
"29122-68-7","29122-68-7","0.45511754187237236"
"134002-60-1","134002-60-1","0.6007818151654464"
"141-32-2","141-32-2","0.05473630634745733"
"134-62-3","134-62-3","0.5427223782628827"
"927-62-8","927-62-8","0.14181369511482816"
"51-52-5","51-52-5","0.4255521242472553"
"15972-60-8","15972-60-8","0.5540408339643579"
"84-61-7","84-61-7","0.5010267206528938"
"93-76-5","93-76-5","0.5200173638595779"
"80-26-2","80-26-2","0.23495439803068646"
"243973-20-8","243973-20-8","0.5429951039629589"
"824-39-5","824-39-5","0.32073636031210695"
"4376-18-5","4376-18-5","0.422176959763438"
"69806-40-2","69806-40-2","0.6505213611057973"
"61-73-4","61-73-4","0.661009776898147"
"35958-30-6","35958-30-6","0.3376426896653949"
"112-53-8","112-53-8","0.18198779291411005"
"80-27-3","80-27-3","0.27206555268197535"
"55290-64-7","55290-64-7","0.22475308330966723"
"103-11-7","103-11-7","0.13391882518121212"
"91-62-3","91-62-3","0.46111874233566846"
"29548-30-9","29548-30-9","0.2821379487901316"
"75-86-5","75-86-5","0.04979941891123454"
"123-25-1","123-25-1","0.11504955777203354"
"2491-38-5","2491-38-5","0.6384954574783697"
"473289-62-2","473289-62-2","0.4935910876445356"
"178928-70-6","178928-70-6","0.7129151274743419"
"1934-21-0","1934-21-0","0.3323226713582029"
"54464-57-2","54464-57-2","0.39171846571496355"
"112-30-1","112-30-1","0.18517641003242916"
"3524-68-3","3524-68-3","0.2729092995193024"
"57-10-3","57-10-3","0.237887521722238"
"21564-17-0","21564-17-0","0.5621655643673189"
"103-09-3","103-09-3","0.10645313042298771"
"106-30-9","106-30-9","0.08286632906878395"
"101-86-0","101-86-0","0.4308753359436907"
"150-13-0","150-13-0","0.42825857469965"
"599-79-1","599-79-1","0.48389858624170357"
"221246-12-4","221246-12-4","0.4530432383075149"
"33089-61-1","33089-61-1","0.5878351079617861"
"496-11-7","496-11-7","0.24887731407557037"
"127-19-5","127-19-5","0.03867469041858554"
"13292-46-1","13292-46-1","0.35751167976549686"
"79-57-2","79-57-2","0.34373694218501943"
"107-21-1","107-21-1","0.055472099432224906"
"6153-64-6","6153-64-6","0.34373694218501943"
"107-07-3","107-07-3","0.042423920104719175"
"110-75-8","110-75-8","0.07892192295443116"
"23184-66-9","23184-66-9","0.48544856870008507"
"64091-91-4","64091-91-4","0.3747413205550927"
"107-98-2","107-98-2","0.028668099724474233"
"158081-99-3","158081-99-3","0.5187310432936365"
"148-24-3","148-24-3","0.5944497609587628"
"541-73-1","541-73-1","0.23484862221683428"
"154-42-7","154-42-7","0.4449706964120337"
"109-55-7","109-55-7","0.09578635561466699"
"60-01-5","60-01-5","0.25113105812823455"
"126-06-7","126-06-7","0.1695276972024807"
"174185-16-1","174185-16-1","0.6956524299075447"
"17418-58-5","17418-58-5","0.7388709076925943"
"103-23-1","103-23-1","0.3226297497680939"
"99-66-1","99-66-1","0.13319489410588106"
"4574-04-3","4574-04-3","0.24558191633816015"
"115-32-2","115-32-2","0.5627387067699933"
"117-39-5","117-39-5","0.5135243366977151"
"106-25-2","106-25-2","0.18441221284545709"
"16409-43-1","16409-43-1","0.1702269722608641"
"88-18-6","88-18-6","0.5061720352005044"
"58654-67-4","58654-67-4","0.09784877958247652"
"626-60-8","626-60-8","0.17977383687002874"
"82385-42-0","82385-42-0","0.3307576726025833"
"22839-47-0","22839-47-0","0.3989250561577904"
"10416-59-8","10416-59-8","0.2353884960099511"
"148-79-8","148-79-8","0.6446489827591193"
"486-56-6","486-56-6","0.40810887683595193"
"94-82-6","94-82-6","0.6856629689520303"
"16587-71-6","16587-71-6","0.20779345556946002"
"111-46-6","111-46-6","0.10535804923196526"
"52-01-7","52-01-7","0.47224569089926727"
"104098-48-8","104098-48-8","0.46816158298808735"
"617-89-0","617-89-0","0.14771205465935372"
"1806-26-4","1806-26-4","0.5644785656429576"
"NOCAS_48166","NOCAS_48166","0.39420798603739804"
"65-71-4","65-71-4","0.2573755890223237"
"6055-19-2","6055-19-2","0.3544519732237644"
"88-58-4","88-58-4","0.4426104389538938"
"137-66-6","137-66-6","0.3485225771115741"
"2680-03-7","2680-03-7","0.03347088660608397"
"2231-57-4","2231-57-4","0.12574120328303934"
"33820-53-0","33820-53-0","0.44991770780674045"
"571-58-4","571-58-4","0.4468336161466385"
"36653-82-4","36653-82-4","0.19884741644709777"
"136-77-6","136-77-6","0.7555855549928259"
"128-39-2","128-39-2","0.3555884147086866"
"55179-31-2","55179-31-2","0.6592986012211399"
"110-62-3","110-62-3","0.04387452593715044"
"712-50-5","712-50-5","0.5399815903654455"
"528-29-0","528-29-0","0.40982251087145977"
"105-21-5","105-21-5","0.07342259846505667"
"117337-19-6","117337-19-6","0.6894723781115399"
"140-38-5","140-38-5","0.476008569043871"
"53-03-2","53-03-2","0.5162491668953443"
"105-60-2","105-60-2","0.12006598879468332"
"328-84-7","328-84-7","0.31650381855035364"
"950-37-8","950-37-8","0.5882283020494732"
"51707-55-2","51707-55-2","0.622637337101223"
"120-65-0","120-65-0","0.6173730660905022"
"6610-29-3","6610-29-3","0.10300721037003935"
"55406-53-6","55406-53-6","0.2856386650134203"
"99-62-7","99-62-7","0.2506288062568932"
"1678-91-7","1678-91-7","0.20089942528923047"
"91-66-7","91-66-7","0.2947794246568518"
"791-31-1","791-31-1","0.5461493140276116"
"117-84-0","117-84-0","0.4114593288724272"
"3068-00-6","3068-00-6","0.07693770876255483"
"133-07-3","133-07-3","0.48273857786037716"
"10081-67-1","10081-67-1","0.4310953347781769"
"5977-14-0","5977-14-0","0.039957658549656536"
"470-90-6","470-90-6","0.6218001983417888"
"14371-10-9","14371-10-9","0.32428857214881757"
"NOCAS_47328","NOCAS_47328","0.527746917856728"
"622-45-7","622-45-7","0.12941262525245908"
"149-30-4","149-30-4","0.4043505078994679"
"762-04-9","762-04-9","0.0764959767202276"
"123-77-3","123-77-3","0.1864659843371979"
"177785-47-6","177785-47-6","0.5648975739329374"
"156-10-5","156-10-5","0.7657882669054848"
"194098-25-4","194098-25-4","0.6806822425391601"
"138261-41-3","138261-41-3","0.45894719811926543"
"50-29-3","50-29-3","0.4694422648052256"
"6728-26-3","6728-26-3","0.04522962154472748"
"57-06-7","57-06-7","0.07893785479656222"
"98-95-3","98-95-3","0.21057236125190645"
"34451-19-9","34451-19-9","0.048418529330221685"
"534-52-1","534-52-1","0.4629348001105782"
"122-62-3","122-62-3","0.30388900967201493"
"159138-81-5","159138-81-5","0.41968163906792993"
"129-06-6","129-06-6","0.6129304469243511"
"NOCAS_47342","NOCAS_47342","0.57896561789146"
"54-62-6","54-62-6","0.4072503845870332"
"82657-04-3","82657-04-3","0.5023486435870292"
"88671-89-0","88671-89-0","0.6723309156054411"
"142-87-0","142-87-0","0.2264237004687654"
"84-74-2","84-74-2","0.5028981136276464"
"113-48-4","113-48-4","0.4771380565978751"
"67564-91-4","67564-91-4","0.4966247506603592"
"121-69-7","121-69-7","0.2079470133720422"
"540-18-1","540-18-1","0.07578592195838295"
"239110-15-7","239110-15-7","0.5912066276342933"
"79-24-3","79-24-3","0.04145500692860743"
"706-14-9","706-14-9","0.2050227588103531"
"6379-73-3","6379-73-3","0.43150758286938284"
"95-87-4","95-87-4","0.6178277954081879"
"82469-79-2","82469-79-2","0.3242115571521981"
"614-45-9","614-45-9","0.46006214962463154"
"NOCAS_48507","NOCAS_48507","0.6064241638743693"
"79983-71-4","79983-71-4","0.7305854838705085"
"97-52-9","97-52-9","0.5308055939241532"
"283594-90-1","283594-90-1","0.4766977279561435"
"100-25-4","100-25-4","0.3849134547034591"
"16484-77-8","16484-77-8","0.5452913483453541"
"122-73-6","122-73-6","0.3291125950787706"
"98-01-1","98-01-1","0.15759601738985624"
"125-84-8","125-84-8","0.5489309230016661"
"627-30-5","627-30-5","0.04038322409612791"
"112-03-8","112-03-8","0.2743220562889324"
"123-00-2","123-00-2","0.18071844198838952"
"90-72-2","90-72-2","0.4631102463127082"
"96-23-1","96-23-1","0.056594153718499615"
"3811-73-2","3811-73-2","0.3237488403624088"
"335-76-2","335-76-2","0.24445288472104879"
"111-49-9","111-49-9","0.11765408512840789"
"108-48-5","108-48-5","0.1730294513064255"
"94-13-3","94-13-3","0.7010836167541494"
"111-87-5","111-87-5","0.11969598418227324"
"1061517-62-1","1061517-62-1","0.46423837564733317"
"2016-57-1","2016-57-1","0.2045477029181659"
"62-73-7","62-73-7","0.17145922619383802"
"3380-34-5","3380-34-5","0.7984949240070278"
"56375-79-2","56375-79-2","0.2674984405371242"
"138-86-3","138-86-3","0.16240423983767646"
"127-39-9","127-39-9","0.28594385605160505"
"112-50-5","112-50-5","0.16554761539801166"
"116-25-6","116-25-6","0.14170411483768133"
"2756-56-1","2756-56-1","0.3038089571400451"
"169590-42-5","169590-42-5","0.5352624875398484"
"64-67-5","64-67-5","0.07886630439787999"
"105-87-3","105-87-3","0.17003022455698924"
"309-00-2","309-00-2","0.39297618844768806"
"99-51-4","99-51-4","0.31341637495749547"
"789-02-6","789-02-6","0.4742802312543421"
"3164-85-0","3164-85-0","0.1437238316446887"
"124378-77-4","124378-77-4","0.5127628575011076"
"1120-04-3","1120-04-3","0.22464257322332368"
"17924-92-4","17924-92-4","0.637551242651893"
"2164-17-2","2164-17-2","0.5312849191343002"
"115-29-7","115-29-7","0.5180359014908849"
"77-92-9","77-92-9","0.28213438520922013"
"973-21-7","973-21-7","0.4636885916829881"
"473-55-2","473-55-2","0.23779011544098594"
"123312-89-0","123312-89-0","0.4166902399298915"
"129299-90-7","129299-90-7","0.6251271575869142"
"96-45-7","96-45-7","0.16514177239764433"
"136-45-8","136-45-8","0.49804899438077405"
"93-53-8","93-53-8","0.2235038907729691"
"105-54-4","105-54-4","0.029453402230537433"
"826-36-8","826-36-8","0.12800458276920812"
"78-40-0","78-40-0","0.12881895312649586"
"4553-62-2","4553-62-2","0.1510222376992876"
"123-99-9","123-99-9","0.22487133029219714"
"532-27-4","532-27-4","0.28828861895700536"
"91-22-5","91-22-5","0.28481953952765093"
"94-46-2","94-46-2","0.4029905314648844"
"41372-08-1","41372-08-1","0.38248508730372394"
"69-74-9","69-74-9","0.35544872206515277"
"143-22-6","143-22-6","0.19458371594135465"
"79-43-6","79-43-6","0.1093730805788321"
"135-02-4","135-02-4","0.4035437358363362"
"110-27-0","110-27-0","0.18488902315834843"
"612-12-4","612-12-4","0.2747305156958942"
"139290-65-6","139290-65-6","0.6639299167084272"
"591-22-0","591-22-0","0.1768313208689665"
"142-62-1","142-62-1","0.07731375359990841"
"461-58-5","461-58-5","0.15212953838419963"
"141112-29-0","141112-29-0","0.5436318130860798"
"759-94-4","759-94-4","0.34066784289942725"
"25152-84-5","25152-84-5","0.1381894912659985"
"3388-04-3","3388-04-3","0.39985789479844536"
"89415-87-2","89415-87-2","0.2186127350549184"
"461023-63-2","461023-63-2","0.3816438982658552"
"100-37-8","100-37-8","0.07996037511211448"
"156052-68-5","156052-68-5","0.6125581399644979"
"17321-47-0","17321-47-0","0.13479930552754035"
"129453-61-8","129453-61-8","0.3735665455160101"
"1445-75-6","1445-75-6","0.1196164109537314"
"513-86-0","513-86-0","0.02104038963529515"
"2451-62-9","2451-62-9","0.3917641729944878"
"17754-90-4","17754-90-4","0.707938324575742"
"112-07-2","112-07-2","0.0599798995775124"
"117-08-8","117-08-8","0.46829060530412003"
"126-07-8","126-07-8","0.6606793883245267"
"687-47-8","687-47-8","0.03589232596263236"
"3391-86-4","3391-86-4","0.0718085660024742"
"512-56-1","512-56-1","0.06780923831276335"
"68-96-2","68-96-2","0.49621634577911117"
"43121-43-3","43121-43-3","0.72212697024825"
"500-38-9","500-38-9","0.6582933740439012"
"719-59-5","719-59-5","0.8313262721982759"
"111-43-3","111-43-3","0.04244442334683747"
"95-13-6","95-13-6","0.258344877121269"
"150-68-5","150-68-5","0.6048716991100288"
"5394-36-5","5394-36-5","0.16334597441630114"
"544-63-8","544-63-8","0.2371776222088929"
"1112-39-6","1112-39-6","0.06245199997092454"
"638-07-3","638-07-3","0.08450667988814109"
"1559-35-9","1559-35-9","0.17103904512948598"
"103-24-2","103-24-2","0.30562651487276377"
"57-83-0","57-83-0","0.48680987294299194"
"527-60-6","527-60-6","0.6126658920386872"
"80-15-9","80-15-9","0.41371985372600717"
"249296-43-3","249296-43-3","0.6859399362629602"
"75-50-3","75-50-3","0.14893469490750463"
"1634-78-2","1634-78-2","0.41513640307879673"
"2996-92-1","2996-92-1","0.329240180360544"
"122-18-9","122-18-9","0.330703682685473"
"344930-95-6","344930-95-6","0.40811694518361585"
"80844-07-1","80844-07-1","0.5210314622026234"
"127-07-1","127-07-1","0.10141048672180598"
"57-14-7","57-14-7","0.050977610822036806"
"108-11-2","108-11-2","0.04373768020964145"
"59-40-5","59-40-5","0.6410526827433647"
"928-96-1","928-96-1","0.05288175341180039"
"2439-01-2","2439-01-2","0.6138617598103591"
"5598-15-2","5598-15-2","0.6663579619963866"
"150-46-9","150-46-9","0.11380471403194858"
"80-07-9","80-07-9","0.5922493075751579"
"123-02-4","123-02-4","0.3068836840905651"
"676116-04-4","676116-04-4","0.5087043397295438"
"5536-61-8","5536-61-8","0.08303117049793547"
"108-01-0","108-01-0","0.07287682435785227"
"112-25-4","112-25-4","0.0986182025097702"
"161050-58-4","161050-58-4","0.5356770349910319"
"17804-35-2","17804-35-2","0.546195579064958"
"84087-01-4","84087-01-4","0.49705022004338895"
"77-40-7","77-40-7","0.8036407610090959"
"NOCAS_47366","NOCAS_47366","0.6638623015313471"
"121552-61-2","121552-61-2","0.7482603286917664"
"136-60-7","136-60-7","0.3918304559517633"
"1918-02-1","1918-02-1","0.4065062111058381"
"118-47-8","118-47-8","0.3554828499478533"
"108-83-8","108-83-8","0.07826195904600555"
"147150-35-4","147150-35-4","0.49553725383232416"
"1008-72-6","1008-72-6","0.31441633325496143"
"57-55-6","57-55-6","0.031848368496622786"
"4719-04-4","4719-04-4","0.28586014231363766"
"180084-01-9","180084-01-9","0.4290297712823012"
"589-66-2","589-66-2","0.06199374088086863"
"1119-40-0","1119-40-0","0.11422670845951025"
"126-14-7","126-14-7","0.34107315746171885"
"181274-15-7","181274-15-7","0.4243503630860362"
"3634-83-1","3634-83-1","0.41668459506141103"
"106-49-0","106-49-0","0.42354467913757754"
"4162-45-2","4162-45-2","0.5669215271845078"
"49562-28-9","49562-28-9","0.643056262585395"
"625114-41-2","625114-41-2","0.544614973097785"
"101-67-7","101-67-7","0.3745724362992678"
"930-55-2","930-55-2","0.10626572567812984"
"32388-55-9","32388-55-9","0.3914607845636872"
"65-85-0","65-85-0","0.36919010078469033"
"13674-87-8","13674-87-8","0.33522557082882193"
"123-05-7","123-05-7","0.04457967671023432"
"599-64-4","599-64-4","0.7949818828379854"
"874-90-8","874-90-8","0.498743233567916"
"427-51-0","427-51-0","0.4829305360336963"
"1763-23-1","1763-23-1","0.24739707961300003"
"25812-30-0","25812-30-0","0.6424506276264497"
"72-20-8","72-20-8","0.40436475789435866"
"112-31-2","112-31-2","0.1418991647909812"
"135410-20-7","135410-20-7","0.5515611446159978"
"24307-26-4","24307-26-4","0.16805672304910257"
"13254-34-7","13254-34-7","0.09222202140849334"
"1072-15-7","1072-15-7","0.2123335226773744"
"61949-76-6","61949-76-6","0.6137958929191616"
"556-61-6","556-61-6","0.07056726384509736"
"149413-74-1","149413-74-1","0.5544924517148033"
"84-58-2","84-58-2","0.34359627842056695"
"1646-87-3","1646-87-3","0.2206318691924783"
"151-05-3","151-05-3","0.43933877185549397"
"106-36-5","106-36-5","0.025755490985893373"
"83657-24-3","83657-24-3","0.7327979259134529"
"188425-85-6","188425-85-6","0.7535772952295331"
"439687-69-1","439687-69-1","0.4244989218774592"
"78-42-2","78-42-2","0.34148218455012136"
"626-48-2","626-48-2","0.24890670944188387"
"97886-45-8","97886-45-8","0.4472975080466981"
"693-54-9","693-54-9","0.13612095606767388"
"119-07-3","119-07-3","0.3909735724674824"
"3871-99-6","3871-99-6","0.259404547554988"
"81406-37-3","81406-37-3","0.5416243999289156"
"115-77-5","115-77-5","0.12753448928116237"
"95-14-7","95-14-7","0.3602481207010901"
"4602-84-0","4602-84-0","0.2935806984207632"
"584-84-9","584-84-9","0.4224030858309769"
"692-86-4","692-86-4","0.20149090891729252"
"110-26-9","110-26-9","0.14780137375636443"
"551-93-9","551-93-9","0.5033001393182416"
"NOCAS_47381","NOCAS_47381","0.5724693878463447"
"6117-91-5","6117-91-5","0.053265219277477"
"129-17-9","129-17-9","0.33335836872081404"
"478263-98-8","478263-98-8","0.5430236278012367"
"24683-00-9","24683-00-9","0.40141395127949464"
"66441-23-4","66441-23-4","0.7152447666306909"
"103055-07-8","103055-07-8","0.4280937437741117"
"1559-34-8","1559-34-8","0.2165250122321381"
"76703-62-3","76703-62-3","0.5008025541669591"
"611-14-3","611-14-3","0.1891236878099397"
"533-74-4","533-74-4","0.19903228423822386"
"50-69-1","50-69-1","0.13907689250090485"
"37764-25-3","37764-25-3","0.16943868496774095"
"55934-93-5","55934-93-5","0.2575931360403949"
"98-07-7","98-07-7","0.24079443797827824"
"109-97-7","109-97-7","0.1165982171930424"
"143201-11-0","143201-11-0","0.4696913396652986"
"4638-48-6","4638-48-6","0.8065741663315545"
"104206-82-8","104206-82-8","0.3810892600602022"
"2444-46-4","2444-46-4","0.5873764516739964"
"142-04-1","142-04-1","0.28148904070225333"
"263553-33-9","263553-33-9","0.5848186738840286"
"141-22-0","141-22-0","0.2589103339749428"
"118-75-2","118-75-2","0.3088191861145122"
"87-41-2","87-41-2","0.38161240679694347"
"491-80-5","491-80-5","0.7509349441733869"
"111-62-6","111-62-6","0.22806233070070664"
"89-04-3","89-04-3","0.35433287314546386"
"33228-44-3","33228-44-3","0.626604234107733"
"123-42-2","123-42-2","0.032700543940730194"
"79-16-3","79-16-3","0.04052315485460718"
"13183-79-4","13183-79-4","0.14910329463774932"
"41484-35-9","41484-35-9","0.32684144544047306"
"609-66-5","609-66-5","0.4278990581058244"
"126-92-1","126-92-1","0.20378127224985815"
"139340-56-0","139340-56-0","0.5120124659147764"
"2051-62-9","2051-62-9","0.6221363430222061"
"615-20-3","615-20-3","0.37975038377828013"
"402910-27-4","402910-27-4","0.6059342206411708"
"143-08-8","143-08-8","0.15357538634802453"
"111-21-7","111-21-7","0.19643840444755803"
"2917-73-9","2917-73-9","0.22211104486934413"
"78-70-6","78-70-6","0.14433002576648976"
"135-98-8","135-98-8","0.18684542766137788"
"64359-81-5","64359-81-5","0.43396329525626937"
"72-33-3","72-33-3","0.5839037666102249"
"101-42-8","101-42-8","0.47745879124950685"
"84-75-3","84-75-3","0.44029837158920904"
"59-87-0","59-87-0","0.33223540110471583"
"97-74-5","97-74-5","0.2563259261199782"
"615-13-4","615-13-4","0.30244542562896526"
"106-58-1","106-58-1","0.1739755045910562"
"34256-82-1","34256-82-1","0.5741519552511939"
"583-78-8","583-78-8","0.5974299744941046"
"106-65-0","106-65-0","0.08153736677441964"
"58-56-0","58-56-0","0.4030941163989169"
"140-53-4","140-53-4","0.39830004492031823"
"193-39-5","193-39-5","0.5785622285282279"
"23564-06-9","23564-06-9","0.5366348707828742"
"52-68-6","52-68-6","0.26600975255106823"
"139149-55-6","139149-55-6","0.7821947499981686"
"375-85-9","375-85-9","0.23176600978620607"
"67-30-1","67-30-1","0.5495758903627251"
"87-61-6","87-61-6","0.2662946166860694"
"76-83-5","76-83-5","0.5251360612072076"
"77-71-4","77-71-4","0.12600824691794835"
"2031-67-6","2031-67-6","0.13225011968134862"
"1120-01-0","1120-01-0","0.1997679700076315"
"1120-36-1","1120-36-1","0.21589130707752202"
"54593-83-8","54593-83-8","0.38211237181997965"
"54-85-3","54-85-3","0.30026429746716493"
"1825-21-4","1825-21-4","0.5201783658802516"
"NOCAS_47385","NOCAS_47385","0.4824841966748174"
"3697-42-5","3697-42-5","0.49681465085187954"
"110-85-0","110-85-0","0.13800019023869223"
"100-80-1","100-80-1","0.2114643562815125"
"102-82-9","102-82-9","0.31953303615398376"
"120-95-6","120-95-6","0.43915243723586594"
"25311-71-1","25311-71-1","0.6539235468339085"
"3252-43-5","3252-43-5","0.11614653570202811"
"261947-38-0","261947-38-0","0.43296827509838953"
"110-44-1","110-44-1","0.09894759599019047"
"646-06-0","646-06-0","0.04699255376653788"
"1241-94-7","1241-94-7","0.5063190261978487"
"100-54-9","100-54-9","0.22290904808789253"
"10042-59-8","10042-59-8","0.15725498652105074"
"102-96-5","102-96-5","0.26642096654829833"
"79-14-1","79-14-1","0.09628908088983305"
"503-74-2","503-74-2","0.07454447978183933"
"143-50-0","143-50-0","0.40772927354505417"
"6843-66-9","6843-66-9","0.618792810365999"
"56-81-5","56-81-5","0.08486129490055536"
"108-59-8","108-59-8","0.08748348390510906"
"50-35-1","50-35-1","0.4833819032660896"
"2795-39-3","2795-39-3","0.24877670723398357"
"868-85-9","868-85-9","0.0484818703827525"
"288104-79-0","288104-79-0","0.5701747753112021"
"122-78-1","122-78-1","0.21840582126278654"
"50-70-4","50-70-4","0.18616642380858597"
"1929-82-4","1929-82-4","0.35858492279791543"
"5333-42-6","5333-42-6","0.23006765171200302"
"78-77-3","78-77-3","0.1109122852947749"
"121-91-5","121-91-5","0.4211186532241598"
"5392-40-5","5392-40-5","0.11189052649898117"
"51-30-9","51-30-9","0.5102134552041847"
"107-70-0","107-70-0","0.03213019499685016"
"103-28-6","103-28-6","0.4142215297036072"
"1120-71-4","1120-71-4","0.08058128386640806"
"957-51-7","957-51-7","0.6392899379210104"
"85-40-5","85-40-5","0.26933128419592933"
"87-90-1","87-90-1","0.2948484597303487"
"93-89-0","93-89-0","0.33410529702743114"
"77-48-5","77-48-5","0.19909150784647317"
"13071-79-9","13071-79-9","0.4521333245319724"
"120-55-8","120-55-8","0.6295834349220802"
"66357-35-5","66357-35-5","0.45957345867649"
"3337-71-1","3337-71-1","0.37430556372394314"
"151-21-3","151-21-3","0.20958197943133758"
"126-98-7","126-98-7","0.04936851635888605"
"128-04-1","128-04-1","0.13536588831553964"
"15214-89-8","15214-89-8","0.21410350645363768"
"1469-48-3","1469-48-3","0.2598141073368407"
"81334-34-1","81334-34-1","0.3883489060524471"
"93-02-7","93-02-7","0.5844541867829155"
"22224-92-6","22224-92-6","0.6263240992389157"
"131860-33-8","131860-33-8","0.6404136442662504"
"144-49-0","144-49-0","0.10197344981757674"
"2144-53-8","2144-53-8","0.26819245297667393"
"123-92-2","123-92-2","0.023072139436958475"
"534-13-4","534-13-4","0.11057315281421069"
"10482-56-1","10482-56-1","0.2232715706881617"
"61-82-5","61-82-5","0.18730455655880554"
"1948-33-0","1948-33-0","0.6405150474399093"
"109-77-3","109-77-3","0.07518554591940604"
"149979-41-9","149979-41-9","0.5604723946616192"
"131341-86-1","131341-86-1","0.5909215923335074"
"1861-32-1","1861-32-1","0.7120083955582917"
"135158-54-2","135158-54-2","0.714572521206203"
"298-00-0","298-00-0","0.8659845382503029"
"135-19-3","135-19-3","0.8572368761854737"
"120-83-2","120-83-2","0.7104706412523589"
"21739-91-3","21739-91-3","0.7510621046837995"
"115-86-6","115-86-6","0.7283984430490333"
"77501-63-4","77501-63-4","0.6981735309118539"
"5234-68-4","5234-68-4","0.7872594410269373"
"NOCAS_47291","NOCAS_47291","0.8144890616007305"
"101-77-9","101-77-9","0.9466216845823213"
"563-12-2","563-12-2","0.6280040520198586"
"117-81-7","117-81-7","0.5252702883422022"
"112-38-9","112-38-9","0.4162851877711782"
"95-65-8","95-65-8","0.7811866433043049"
"834-12-8","834-12-8","0.9287165652396097"
"2832-40-8","2832-40-8","0.9042144174767239"
"94361-06-5","94361-06-5","0.8596374562935347"
"150-19-6","150-19-6","0.6956748791685016"
"1459-93-4","1459-93-4","0.6643623580438451"
"206-44-0","206-44-0","0.7573746200554653"
"92-91-1","92-91-1","0.8228022348632301"
"106-50-3","106-50-3","0.7523675343472616"
"540-38-5","540-38-5","0.7973630095234189"
"1007-28-9","1007-28-9","0.8019004664277793"
"120-12-7","120-12-7","0.7696630512884924"
"56-55-3","56-55-3","0.7542775111864038"
"1638-22-8","1638-22-8","0.864957622938925"
"101-37-1","101-37-1","0.7123092904677342"
"612-82-8","612-82-8","0.9503250786203785"
"87818-31-3","87818-31-3","0.712631372191094"
"131983-72-7","131983-72-7","0.8139701948550863"
"1031-07-8","1031-07-8","0.6128482691195827"
"149062-75-9","149062-75-9","0.7820665101653713"
"4291-63-8","4291-63-8","0.642010256185045"
"606-20-2","606-20-2","0.5468201156071361"
"51632-16-7","51632-16-7","0.8764455344608371"
"2642-71-9","2642-71-9","0.8211828669647435"
"79-94-7","79-94-7","0.7323199200273696"
"13194-48-4","13194-48-4","0.5630595374994032"
"2212-67-1","2212-67-1","0.5222943395442935"
"112733-06-9","112733-06-9","0.792307830119492"
"56-72-4","56-72-4","0.8725474015108781"
"124-94-7","124-94-7","0.6123251805532931"
"460081-99-6","460081-99-6","0.7261778541656657"
"103-33-3","103-33-3","0.7363086011759639"
"27314-13-2","27314-13-2","0.7440662437844213"
"81777-89-1","81777-89-1","0.7656728147189008"
"NOCAS_47248","NOCAS_47248","0.8017769446825395"
"353280-07-6","353280-07-6","0.8450810589860798"
"1214-39-7","1214-39-7","0.8404536142661746"
"2243-62-1","2243-62-1","0.8598315806789746"
"95-54-5","95-54-5","0.7281359391824789"
"13826-35-2","13826-35-2","0.891357957957726"
"220860-50-4","220860-50-4","0.8492474100368497"
"79538-32-2","79538-32-2","0.6496443046101161"
"91-59-8","91-59-8","0.8375116138471678"
"55-38-9","55-38-9","0.8946181552849021"
"122-34-9","122-34-9","0.9155947216869811"
"NOCAS_47334","NOCAS_47334","0.8240314510943639"
"87-86-5","87-86-5","0.6655582124015084"
"105512-06-9","105512-06-9","0.7971711085015113"
"82-44-0","82-44-0","0.8594788663625598"
"42509-80-8","42509-80-8","0.8195441583934485"
"445295-04-5","445295-04-5","0.7391668587321516"
"50594-66-6","50594-66-6","0.713567886292184"
"2971-36-0","2971-36-0","0.8092207824211616"
"28159-98-0","28159-98-0","0.8823514190105294"
"189003-92-7","189003-92-7","0.7754276818152525"
"5598-13-0","5598-13-0","0.8027914643528459"
"496-72-0","496-72-0","0.7451539922280869"
"1747-60-0","1747-60-0","0.7983429792913518"
"22781-23-3","22781-23-3","0.8031485744659932"
"131-57-7","131-57-7","0.9072158381357498"
"686756-87-6","686756-87-6","0.7714908641872423"
"20325-40-0","20325-40-0","0.9218707447756701"
"139-13-9","139-13-9","0.4770456859406332"
"94-80-4","94-80-4","0.7455712703810956"
"119-90-4","119-90-4","0.9343806966562195"
"24851-98-7","24851-98-7","0.5478046082242597"
"135-57-9","135-57-9","0.7217865947747204"
"92-87-5","92-87-5","0.9333231722429188"
"101-05-3","101-05-3","0.8407069653911415"
"179465-71-5","179465-71-5","0.8509871841383609"
"214535-77-0","214535-77-0","0.8543485818425173"
"97-56-3","97-56-3","0.8894278114017449"
"199171-88-5","199171-88-5","0.7057430440781635"
"92-84-2","92-84-2","0.8673470962656314"
"333-41-5","333-41-5","0.8397743788816281"
"74051-80-2","74051-80-2","0.6563292816668077"
"14938-35-3","14938-35-3","0.8309889288456683"
"612-83-9","612-83-9","0.914742099285967"
"94-86-0","94-86-0","0.8860876011160705"
"80-46-6","80-46-6","0.8141027796023463"
"117-79-3","117-79-3","0.8812954765921245"
"486-66-8","486-66-8","0.867770574751903"
"41198-08-7","41198-08-7","0.7760240437219734"
"118-79-6","118-79-6","0.7284969141029696"
"110488-70-5","110488-70-5","0.8109642863338438"
"99-76-3","99-76-3","0.7061197241735995"
"110235-47-7","110235-47-7","0.8776070293919084"
"56-53-1","56-53-1","0.8212705591838636"
"2934-05-6","2934-05-6","0.7097301651335219"
"NOCAS_47311","NOCAS_47311","0.5809256092174669"
"24602-86-6","24602-86-6","0.5100187224805565"
"1470-94-6","1470-94-6","0.8364041542750442"
"128-95-0","128-95-0","0.8801543397268355"
"56-38-2","56-38-2","0.8799994975942734"
"7287-19-6","7287-19-6","0.9193688613330084"
"1610-18-0","1610-18-0","0.8268339969638288"
"151506-44-4","151506-44-4","0.8065039750188698"
"487-06-9","487-06-9","0.8349267319726659"
"104-54-1","104-54-1","0.6497652506493762"
"744-45-6","744-45-6","0.7788704970019418"
"171866-31-2","171866-31-2","0.756897707574996"
"1134-23-2","1134-23-2","0.6704829239337516"
"93-16-3","93-16-3","0.8041175098327449"
"59756-60-4","59756-60-4","0.7871396757544852"
"119446-68-3","119446-68-3","0.8496796744499342"
"6152-33-6","6152-33-6","0.8287181870854671"
"123-31-9","123-31-9","0.6958602280908193"
"79902-63-9","79902-63-9","0.6041851643817339"
"63-25-2","63-25-2","0.7415619315136867"
"118134-30-8","118134-30-8","0.6266992529778471"
"101-21-3","101-21-3","0.7720145318248275"
"842-07-9","842-07-9","0.8901000528164758"
"97-54-1","97-54-1","0.8629347355540361"
"6190-65-4","6190-65-4","0.8497889394280835"
"501027-49-2","501027-49-2","0.811770249268553"
"2110-18-1","2110-18-1","0.7376246626049628"
"129-00-0","129-00-0","0.7940804982689244"
"121-75-5","121-75-5","0.6387139093905462"
"210826-40-7","210826-40-7","0.6151180188992"
"129630-19-9","129630-19-9","0.7823006562553606"
"120-47-8","120-47-8","0.7825076088895797"
"148477-71-8","148477-71-8","0.6775634865014076"
"29232-93-7","29232-93-7","0.8755140083979895"
"51-03-6","51-03-6","0.7051740436751581"
"105-67-9","105-67-9","0.7656052561707075"
"1570-64-5","1570-64-5","0.79329238015089"
"23031-36-9","23031-36-9","0.6430100139970407"
"122-14-5","122-14-5","0.8716023673154619"
"78587-05-0","78587-05-0","0.7554004011987786"
"135-88-6","135-88-6","0.8841161964285508"
"90-43-7","90-43-7","0.9160558346529194"
"119-93-7","119-93-7","0.9600339923577846"
"60-09-3","60-09-3","0.8783464740472587"
"76738-62-0","76738-62-0","0.8392528563983879"
"1912-24-9","1912-24-9","0.9414604128659466"
"128639-02-1","128639-02-1","0.7899662179294996"
"7378-99-6","7378-99-6","0.41997350463552197"
"68359-37-5","68359-37-5","0.7394155839246795"
"80-05-7","80-05-7","0.8865058768760236"
