"","ID","ID-2","Zscore"
"70630-17-0","70630-17-0","70630-17-0",1.16938155580849
"1929-73-3","1929-73-3","1929-73-3",1.08732399379323
"98-87-3","98-87-3","98-87-3",0.292691564122647
"15708-41-5","15708-41-5","15708-41-5",1.60977885450313
"3844-45-9","3844-45-9","3844-45-9",3.16314450490758
"112529-15-4","112529-15-4","112529-15-4",0.469453946807551
"1672-46-4","1672-46-4","1672-46-4",0.706764027366753
"124-05-0","124-05-0","124-05-0",0.165377309547795
"2008-41-5","2008-41-5","2008-41-5",0.794971677306456
"87-13-8","87-13-8","87-13-8",0.330252860206141
"25606-41-1","25606-41-1","25606-41-1",0.67666893360296
"2782-57-2","2782-57-2","2782-57-2",0.836192774108194
"361343-19-3","361343-19-3","361343-19-3",0.282770300342564
"630-56-8","630-56-8","630-56-8",0.587848672027161
"3926-62-3","3926-62-3","3926-62-3",0.718516069492068
"69655-05-6","69655-05-6","69655-05-6",0.313369846244733
"141-04-8","141-04-8","141-04-8",0.585655784352496
"56507-37-0","56507-37-0","56507-37-0",0.241400577224839
"616-45-5","616-45-5","616-45-5",0.245063901379617
"826-62-0","826-62-0","826-62-0",0.125101177155569
"100-00-5","100-00-5","100-00-5",0.172150316462074
"104-90-5","104-90-5","104-90-5",0.815922997601854
"107-88-0","107-88-0","107-88-0",0.540617039319957
"99-55-8","99-55-8","99-55-8",0.45522413618893
"90-04-0","90-04-0","90-04-0",0.94879682560724
"126-75-0","126-75-0","126-75-0",0.16210422348094
"52-51-7","52-51-7","52-51-7",0.0622908881752041
"109-04-6","109-04-6","109-04-6",0.0391129367031893
"587-65-5","587-65-5","587-65-5",0.960298495336243
"334-48-5","334-48-5","334-48-5",0.937673445926006
"21087-64-9","21087-64-9","21087-64-9",0.418622253741027
"487-68-3","487-68-3","487-68-3",0.196403031877995
"108-94-1","108-94-1","108-94-1",0.0415817562804914
"75330-75-5","75330-75-5","75330-75-5",0.14843872898993
"707-61-9","707-61-9","707-61-9",0.492555920506628
"72-43-5","72-43-5","72-43-5",0.276511139006651
"57-63-6","57-63-6","57-63-6",0.788922150985012
"78-48-8","78-48-8","78-48-8",1.18629999123786
"110-80-5","110-80-5","110-80-5",0.133930663069756
"106-23-0","106-23-0","106-23-0",0.67003687977734
"114-07-8","114-07-8","114-07-8",3.36212908278946
"64-10-8","64-10-8","64-10-8",0.619406198538735
"108-87-2","108-87-2","108-87-2",0.147530215995494
"1929-77-7","1929-77-7","1929-77-7",0.924205291777285
"118-52-5","118-52-5","118-52-5",0.423162726794615
"85509-19-9","85509-19-9","85509-19-9",0.101585810746181
"484-17-3","484-17-3","484-17-3",0.178395857414869
"609-54-1","609-54-1","609-54-1",0.697277161466767
"4390-04-9","4390-04-9","4390-04-9",1.14633398931026
"23135-22-0","23135-22-0","23135-22-0",0.317766198924647
"111-69-3","111-69-3","111-69-3",1.41218127144704
"122454-29-9","122454-29-9","122454-29-9",0.380387421338301
"375-95-1","375-95-1","375-95-1",4.42502624574445
"51-21-8","51-21-8","51-21-8",0.506983950720906
"68844-77-9","68844-77-9","68844-77-9",0.5234875774819
"17420-30-3","17420-30-3","17420-30-3",0.048097650805794
"76014-81-8","76014-81-8","76014-81-8",0.97245647388723
"576-26-1","576-26-1","576-26-1",0.912723173020754
"77-06-5","77-06-5","77-06-5",0.827321709690155
"725228-45-5","725228-45-5","725228-45-5",0.035501950300052
"4180-23-8","4180-23-8","4180-23-8",1.07259622960169
"643-79-8","643-79-8","643-79-8",0.907254134830012
"139-87-7","139-87-7","139-87-7",0.26213068984344
"7786-61-0","7786-61-0","7786-61-0",1.11064641548785
"95-32-9","95-32-9","95-32-9",0.34809573057491
"110-33-8","110-33-8","110-33-8",0.29048493940366
"2859-67-8","2859-67-8","2859-67-8",0.710981246266019
"5850-86-2","5850-86-2","5850-86-2",0.0784366262604759
"127-47-9","127-47-9","127-47-9",0.249709123274064
"68-26-8","68-26-8","68-26-8",0.34428122366062
"34014-18-1","34014-18-1","34014-18-1",0.27920021845536
"962-58-3","962-58-3","962-58-3",0.532513837014325
"92-52-4","92-52-4","92-52-4",0.0665801940456895
"51235-04-2","51235-04-2","51235-04-2",0.136677221166544
"51580-86-0","51580-86-0","51580-86-0",0.645029529773798
"584-13-4","584-13-4","584-13-4",0.145261630710709
"57018-04-9","57018-04-9","57018-04-9",0.593640587528567
"27138-31-4","27138-31-4","27138-31-4",0.607152832479209
"1918-00-9","1918-00-9","1918-00-9",0.97675705819549
"81-30-1","81-30-1","81-30-1",0.570788463871457
"111-85-3","111-85-3","111-85-3",0.0465815088312881
"51229-78-8","51229-78-8","51229-78-8",0.580384942518017
"485-31-4","485-31-4","485-31-4",0.282260514561475
"361377-29-9","361377-29-9","361377-29-9",0.896022090340821
"116-17-6","116-17-6","116-17-6",2.05846804267304
"3026-63-9","3026-63-9","3026-63-9",0.0670505697754079
"87-62-7","87-62-7","87-62-7",0.770323923185746
"51630-58-1","51630-58-1","51630-58-1",0.175663163598942
"56-04-2","56-04-2","56-04-2",0.148807375176506
"3913-02-8","3913-02-8","3913-02-8",0.700822478906659
"50892-23-4","50892-23-4","50892-23-4",0.625532694801327
"67-20-9","67-20-9","67-20-9",0.366382685095755
"16752-77-5","16752-77-5","16752-77-5",0.536824517259529
"111-90-0","111-90-0","111-90-0",0.0238334287573629
"31519-22-9","31519-22-9","31519-22-9",0.460938030017205
"864283-48-7","864283-48-7","864283-48-7",0.523892657708901
"110-15-6","110-15-6","110-15-6",0.293172235262483
"131-17-9","131-17-9","131-17-9",1.1907914207459
"71283-80-2","71283-80-2","71283-80-2",0.0157821487536462
"69327-76-0","69327-76-0","69327-76-0",0.508378052924473
"873-32-5","873-32-5","873-32-5",0.412267208755165
"142-29-0","142-29-0","142-29-0",0.462817843105278
"127308-82-1","127308-82-1","127308-82-1",0.0793672969094821
"101-10-0","101-10-0","101-10-0",0.774203081946535
"13171-00-1","13171-00-1","13171-00-1",0.60403455163712
"668981-02-0","668981-02-0","668981-02-0",0.659495297219521
"95266-40-3","95266-40-3","95266-40-3",0.481112974064763
"107-75-5","107-75-5","107-75-5",1.04007153911073
"1034-01-1","1034-01-1","1034-01-1",0.738306424967756
"3033-77-0","3033-77-0","3033-77-0",0.0596545122207082
"NOCAS_47353","NOCAS_47353","NOCAS_47353",1.42056950392849
"67485-29-4","67485-29-4","67485-29-4",0.963817650129171
"496-46-8","496-46-8","496-46-8",1.40887653417891
"2402-78-0","2402-78-0","2402-78-0",0.448693886767935
"186392-65-4","186392-65-4","186392-65-4",0.550218013671998
"1646-75-9","1646-75-9","1646-75-9",0.186268147411692
"111-27-3","111-27-3","111-27-3",0.576324595060046
"83-41-0","83-41-0","83-41-0",0.414466273119988
"68959-20-6","68959-20-6","68959-20-6",1.52704549685943
"109-08-0","109-08-0","109-08-0",0.113236321860667
"35691-65-7","35691-65-7","35691-65-7",1.19079340014777
"924-16-3","924-16-3","924-16-3",0.445497309133773
"82-68-8","82-68-8","82-68-8",0.260296862714053
"69-65-8","69-65-8","69-65-8",0.419058112823344
"103361-09-7","103361-09-7","103361-09-7",1.06123639297064
"3006-93-7","3006-93-7","3006-93-7",0.356705144149411
"42978-66-5","42978-66-5","42978-66-5",0.54654750185385
"585-34-2","585-34-2","585-34-2",0.962646218083502
"15046-75-0","15046-75-0","15046-75-0",0.511189776648182
"78-62-6","78-62-6","78-62-6",0.0754739048608655
"3855-32-1","3855-32-1","3855-32-1",0.777687572895974
"7492-66-2","7492-66-2","7492-66-2",0.862366840642354
"6842-15-5","6842-15-5","6842-15-5",0.131450799828395
"78491-02-8","78491-02-8","78491-02-8",1.10160164573115
"108-31-6","108-31-6","108-31-6",0.271781573889188
"87-91-2","87-91-2","87-91-2",0.51962876189584
"124-13-0","124-13-0","124-13-0",0.471728469407823
"4437-85-8","4437-85-8","4437-85-8",0.47058675659732
"3277-26-7","3277-26-7","3277-26-7",0.628199823646662
"219714-96-2","219714-96-2","219714-96-2",1.54183718160346
"72178-02-0","72178-02-0","72178-02-0",0.478655024320009
"59-05-2","59-05-2","59-05-2",1.44431534093021
"5146-66-7","5146-66-7","5146-66-7",0.136613003608327
"57-09-0","57-09-0","57-09-0",0.71914394544754
"112410-23-8","112410-23-8","112410-23-8",0.383076828958483
"2390-60-5","2390-60-5","2390-60-5",1.05271420129547
"67747-09-5","67747-09-5","67747-09-5",0.332514247430115
"101-84-8","101-84-8","101-84-8",0.521916035341969
"5405-41-4","5405-41-4","5405-41-4",1.00802821490694
"133-06-2","133-06-2","133-06-2",0.0346779308063834
"1541-81-7","1541-81-7","1541-81-7",0.221553877612564
"66-27-3","66-27-3","66-27-3",0.190743385341498
"119-47-1","119-47-1","119-47-1",0.14762085843898
"79-09-4","79-09-4","79-09-4",0.166738931428208
"142-16-5","142-16-5","142-16-5",0.381758551274746
"62-75-9","62-75-9","62-75-9",0.487335016877456
"50-14-6","50-14-6","50-14-6",0.708355325712221
"684-93-5","684-93-5","684-93-5",0.116647603513572
"2310-17-0","2310-17-0","2310-17-0",0.286343467350278
"2588-04-7","2588-04-7","2588-04-7",0.0283722625664283
"77-93-0","77-93-0","77-93-0",0.371194933083072
"76-44-8","76-44-8","76-44-8",1.48172785985066
"480-40-0","480-40-0","480-40-0",0.00605587166647538
"81335-77-5","81335-77-5","81335-77-5",0.715052869358995
"95-94-3","95-94-3","95-94-3",0.104860351490732
"140-66-9","140-66-9","140-66-9",0.141942700027375
"115-95-7","115-95-7","115-95-7",1.22041445135394
"142-31-4","142-31-4","142-31-4",0.309379216906289
"95-56-7","95-56-7","95-56-7",0.349079212497116
"16529-56-9","16529-56-9","16529-56-9",0.247249533420773
"65-23-6","65-23-6","65-23-6",0.669528452093471
"60-56-0","60-56-0","60-56-0",0.0680121404329351
"108-74-7","108-74-7","108-74-7",0.974859669181853
"2058-46-0","2058-46-0","2058-46-0",1.85400415235111
"1689-84-5","1689-84-5","1689-84-5",0.496566946983511
"98-86-2","98-86-2","98-86-2",1.02181519785299
"1939-36-2","1939-36-2","1939-36-2",0.796233433561832
"623-36-9","623-36-9","623-36-9",0.51111484457256
"110-93-0","110-93-0","110-93-0",1.00248054126696
"51218-45-2","51218-45-2","51218-45-2",1.20664190722038
"556-67-2","556-67-2","556-67-2",4.12812101321114
"51-28-5","51-28-5","51-28-5",0.0588694263293834
"135-20-6","135-20-6","135-20-6",0.0252611156971851
"75-99-0","75-99-0","75-99-0",0.0615248229830347
"6359-90-6","6359-90-6","6359-90-6",0.472578695325666
"105-99-7","105-99-7","105-99-7",0.642273614043752
"116-02-9","116-02-9","116-02-9",0.686013778560314
"82640-04-8","82640-04-8","82640-04-8",0.921711017129982
"533-23-3","533-23-3","533-23-3",1.09928820506936
"621-64-7","621-64-7","621-64-7",0.497577637336209
"126-30-7","126-30-7","126-30-7",0.811642707988514
"108-46-3","108-46-3","108-46-3",0.593983000528981
"125116-23-6","125116-23-6","125116-23-6",0.351190652840938
"134605-64-4","134605-64-4","134605-64-4",0.747043032600087
"627-18-9","627-18-9","627-18-9",0.40956377642351
"298-46-4","298-46-4","298-46-4",0.568476063210963
"10453-86-8","10453-86-8","10453-86-8",0.32573061238716
"4376-20-9","4376-20-9","4376-20-9",1.15227495081009
"874-60-2","874-60-2","874-60-2",1.01005603918146
"81-61-8","81-61-8","81-61-8",0.16239933066376
"134-03-2","134-03-2","134-03-2",0.292524799532241
"68-12-2","68-12-2","68-12-2",0.339203417878607
"58394-64-2","58394-64-2","58394-64-2",0.575821047358245
"60-54-8","60-54-8","60-54-8",1.37481904124745
"19721-22-3","19721-22-3","19721-22-3",1.98796222250012
"5103-74-2","5103-74-2","5103-74-2",1.65662237241464
"104-45-0","104-45-0","104-45-0",1.09895317742085
"23696-85-7","23696-85-7","23696-85-7",0.976136405786311
"57966-95-7","57966-95-7","57966-95-7",0.114863947070014
"94-26-8","94-26-8","94-26-8",1.32502689407693
"NOCAS_47267","NOCAS_47267","NOCAS_47267",0.429563171643356
"298-04-4","298-04-4","298-04-4",0.0903346442890222
"20265-97-8","20265-97-8","20265-97-8",0.807878249709184
"140-95-4","140-95-4","140-95-4",0.471191184146448
"123-01-3","123-01-3","123-01-3",0.465199943389032
"NOCAS_47255","NOCAS_47255","NOCAS_47255",0.119111438036784
"140-08-9","140-08-9","140-08-9",2.2894881930678
"2425-77-6","2425-77-6","2425-77-6",0.101715333849937
"57-41-0","57-41-0","57-41-0",0.523473417331134
"3739-38-6","3739-38-6","3739-38-6",1.00825072506439
"579-66-8","579-66-8","579-66-8",0.883904313208513
"4584-49-0","4584-49-0","4584-49-0",0.268789119930448
"1024-57-3","1024-57-3","1024-57-3",1.42256671201798
"2416-94-6","2416-94-6","2416-94-6",0.946889178277534
"55283-68-6","55283-68-6","55283-68-6",0.265177432026298
"103-56-0","103-56-0","103-56-0",1.40623957113493
"78-07-9","78-07-9","78-07-9",0.0128544370153286
"81-81-2","81-81-2","81-81-2",0.489664650584956
"25956-17-6","25956-17-6","25956-17-6",1.24626043321404
"99-99-0","99-99-0","99-99-0",0.327208006324743
"99-85-4","99-85-4","99-85-4",0.196347909340771
"569-64-2","569-64-2","569-64-2",0.167472192119693
"10016-20-3","10016-20-3","10016-20-3",15.1448292583016
"19774-82-4","19774-82-4","19774-82-4",1.46115995677084
"584-03-2","584-03-2","584-03-2",0.415586207685817
"1191914-21-2","1191914-21-2","1191914-21-2",1.57403146326658
"115-96-8","115-96-8","115-96-8",0.418683854685131
"106-22-9","106-22-9","106-22-9",0.686803288125825
"645-62-5","645-62-5","645-62-5",1.0115246727539
"56-37-1","56-37-1","56-37-1",0.332535630090545
"50471-44-8","50471-44-8","50471-44-8",0.762070542235707
"92-68-2","92-68-2","92-68-2",0.109253042665127
"289716-94-5","289716-94-5","289716-94-5",0.713001300418741
"50-33-9","50-33-9","50-33-9",0.631152664447254
"611-59-6","611-59-6","611-59-6",0.644853900210514
"104-51-8","104-51-8","104-51-8",0.304885201697056
"90-12-0","90-12-0","90-12-0",0.138258986291789
"143-07-7","143-07-7","143-07-7",0.694519613039759
"129298-91-5","129298-91-5","129298-91-5",0.386292098764739
"88-41-5","88-41-5","88-41-5",1.05850542596069
"126833-17-8","126833-17-8","126833-17-8",1.08404555602371
"16079-88-2","16079-88-2","16079-88-2",0.19465459737427
"1646-88-4","1646-88-4","1646-88-4",0.321759862862375
"98-53-3","98-53-3","98-53-3",0.282012540701195
"111-96-6","111-96-6","111-96-6",0.308434757356923
"637-07-0","637-07-0","637-07-0",1.03599677054166
"60-35-5","60-35-5","60-35-5",0.171894338909554
"1942-71-8","1942-71-8","1942-71-8",1.02582867641081
"137-42-8","137-42-8","137-42-8",0.562204496572493
"544-01-4","544-01-4","544-01-4",0.29720146804414
"4130-42-1","4130-42-1","4130-42-1",0.294816811077564
"124-18-5","124-18-5","124-18-5",0.497077447658609
"112-29-8","112-29-8","112-29-8",0.131600275563067
"525-79-1","525-79-1","525-79-1",0.492410977231453
"6893-02-3","6893-02-3","6893-02-3",1.90121506997465
"79-44-7","79-44-7","79-44-7",0.0658681619069516
"110-01-0","110-01-0","110-01-0",0.810372130124378
"15299-99-7","15299-99-7","15299-99-7",0.948925791574277
"1076-97-7","1076-97-7","1076-97-7",0.228180346237404
"102676-31-3","102676-31-3","102676-31-3",0.0867385525029291
"124495-18-7","124495-18-7","124495-18-7",0.369274568929682
"28434-00-6","28434-00-6","28434-00-6",0.582245297961894
"138472-01-2","138472-01-2","138472-01-2",0.128577830534943
"107071-66-9","107071-66-9","107071-66-9",0.587922756459238
"95-80-7","95-80-7","95-80-7",0.431429769840722
"5655-61-8","5655-61-8","5655-61-8",0.739504779934063
"2772-45-4","2772-45-4","2772-45-4",0.142270559169852
"90982-32-4","90982-32-4","90982-32-4",0.453317827499898
"444610-91-7","444610-91-7","444610-91-7",1.90108499569301
"199119-58-9","199119-58-9","199119-58-9",1.14155826155352
"140-11-4","140-11-4","140-11-4",1.36691743494883
"95-69-2","95-69-2","95-69-2",0.723604121089913
"550-44-7","550-44-7","550-44-7",1.06248304944857
"1189-08-8","1189-08-8","1189-08-8",0.956500316991603
"29420-49-3","29420-49-3","29420-49-3",2.39153577366131
"119515-38-7","119515-38-7","119515-38-7",0.953511278795286
"10540-29-1","10540-29-1","10540-29-1",0.102172107462115
"6317-18-6","6317-18-6","6317-18-6",1.53853319365124
"141-43-5","141-43-5","141-43-5",0.224561501283481
"104-61-0","104-61-0","104-61-0",0.977142425296379
"111-31-9","111-31-9","111-31-9",1.83044014032391
"335-67-1","335-67-1","335-67-1",3.77155482730652
"117718-60-2","117718-60-2","117718-60-2",0.208523163984747
"123-51-3","123-51-3","123-51-3",0.315243973418718
"85-22-3","85-22-3","85-22-3",2.38003845201901
"3852-09-3","3852-09-3","3852-09-3",0.148229742321569
"89-87-2","89-87-2","89-87-2",0.360321291738486
"97-89-2","97-89-2","97-89-2",1.12013313355136
"106-27-4","106-27-4","106-27-4",1.04849567310648
"126-11-4","126-11-4","126-11-4",0.0818703121435472
"149-57-5","149-57-5","149-57-5",1.09480913186803
"77-86-1","77-86-1","77-86-1",0.221590880885287
"123343-16-8","123343-16-8","123343-16-8",0.37138020798902
"717-74-8","717-74-8","717-74-8",0.288476669395095
"5437-45-6","5437-45-6","5437-45-6",0.983082862943468
"3194-55-6","3194-55-6","3194-55-6",3.54882600348373
"130-15-4","130-15-4","130-15-4",1.13651429096283
"3737-41-5","3737-41-5","3737-41-5",0.598095891204297
"1191-50-0","1191-50-0","1191-50-0",0.205734239201227
"111991-09-4","111991-09-4","111991-09-4",1.12074253146916
"26172-55-4","26172-55-4","26172-55-4",0.272222030150747
"110-91-8","110-91-8","110-91-8",0.148637251568361
"6385-62-2","6385-62-2","6385-62-2",0.863262991859504
"124-09-4","124-09-4","124-09-4",0.484838997589296
"30560-19-1","30560-19-1","30560-19-1",0.29977739752276
"1135-66-6","1135-66-6","1135-66-6",0.492151045703464
"124-03-8","124-03-8","124-03-8",0.747830012925612
"4151-50-2","4151-50-2","4151-50-2",3.93057277128938
"27955-94-8","27955-94-8","27955-94-8",0.0129546212732445
"86-98-6","86-98-6","86-98-6",0.187191419602558
"83834-59-7","83834-59-7","83834-59-7",1.19135341612093
"52663-68-0","52663-68-0","52663-68-0",1.10657139452853
"616-47-7","616-47-7","616-47-7",0.211891447235421
"2043-57-4","2043-57-4","2043-57-4",2.54271659904548
"123-56-8","123-56-8","123-56-8",0.607918249420934
"111-34-2","111-34-2","111-34-2",0.616361154455346
"104-87-0","104-87-0","104-87-0",0.460474518590839
"51-24-1","51-24-1","51-24-1",1.83408323339852
"107-92-6","107-92-6","107-92-6",0.494101642032016
"121-14-2","121-14-2","121-14-2",0.104812461616912
"14351-66-7","14351-66-7","14351-66-7",0.103639673443613
"20018-09-1","20018-09-1","20018-09-1",1.14773155448993
"12427-38-2","12427-38-2","12427-38-2",0.814009240830082
"69377-81-7","69377-81-7","69377-81-7",0.116238077667232
"107-51-7","107-51-7","107-51-7",3.24886128724194
"NOCAS_47333","NOCAS_47333","NOCAS_47333",0.0851379262692781
"84-15-1","84-15-1","84-15-1",0.664499779496529
"103-26-4","103-26-4","103-26-4",1.24087555849569
"2409-55-4","2409-55-4","2409-55-4",1.09314543048326
"872-50-4","872-50-4","872-50-4",0.56245560752297
"140-49-8","140-49-8","140-49-8",1.19301709064198
"126-73-8","126-73-8","126-73-8",0.0223731185584173
"7779-27-3","7779-27-3","7779-27-3",0.346989129598333
"97-86-9","97-86-9","97-86-9",0.988907174783652
"175178-82-2","175178-82-2","175178-82-2",0.408370548258118
"NOCAS_47379","NOCAS_47379","NOCAS_47379",1.14288699808377
"5949-05-3","5949-05-3","5949-05-3",0.683700292265735
"104-67-6","104-67-6","104-67-6",1.10268083970268
"58430-94-7","58430-94-7","58430-94-7",0.954356197831106
"463-40-1","463-40-1","463-40-1",0.412733458058529
"5902-51-2","5902-51-2","5902-51-2",0.630150431691327
"111-14-8","111-14-8","111-14-8",0.938787687612368
"102-76-1","102-76-1","102-76-1",0.615435715755501
"80-48-8","80-48-8","80-48-8",0.833135603381177
"108-03-2","108-03-2","108-03-2",0.150867828176248
"23726-91-2","23726-91-2","23726-91-2",0.952860075228519
"NOCAS_47346","NOCAS_47346","NOCAS_47346",0.623806695616196
"58-14-0","58-14-0","58-14-0",0.056596702825874
"4422-95-1","4422-95-1","4422-95-1",0.342853578123807
"104-82-5","104-82-5","104-82-5",0.205887187534394
"100-01-6","100-01-6","100-01-6",0.379990566597408
"NOCAS_48509","NOCAS_48509","NOCAS_48509",0.236232570734856
"101-54-2","101-54-2","101-54-2",0.533657841182537
"90325-47-6","90325-47-6","90325-47-6",0.656230704885355
"184653-84-7","184653-84-7","184653-84-7",0.647712595151357
"108-91-8","108-91-8","108-91-8",0.0188731161204069
"33228-45-4","33228-45-4","33228-45-4",0.999199088733132
"105-90-8","105-90-8","105-90-8",1.17016384521839
"57-13-6","57-13-6","57-13-6",0.878222680541577
"15619-48-4","15619-48-4","15619-48-4",0.0298148415769009
"577-11-7","577-11-7","577-11-7",0.422176675340132
"4107-98-6","4107-98-6","4107-98-6",0.263844546107636
"1675-54-3","1675-54-3","1675-54-3",0.679797225524143
"2058-94-8","2058-94-8","2058-94-8",5.80920194716524
"60168-88-9","60168-88-9","60168-88-9",0.54317377818109
"131-52-2","131-52-2","131-52-2",0.499110937807701
"553-70-8","553-70-8","553-70-8",0.649710087281537
"96-70-8","96-70-8","96-70-8",1.11409800607506
"73-31-4","73-31-4","73-31-4",0.597828260913505
"26644-46-2","26644-46-2","26644-46-2",0.864397408428806
"75-12-7","75-12-7","75-12-7",0.982941495858158
"22915-73-7","22915-73-7","22915-73-7",0.777006583067162
"116-29-0","116-29-0","116-29-0",0.123045680715276
"53112-28-0","53112-28-0","53112-28-0",0.694527146318322
"110-42-9","110-42-9","110-42-9",0.965409638305848
"108-89-4","108-89-4","108-89-4",0.0863756508198321
"643-28-7","643-28-7","643-28-7",0.92867304737881
"728-40-5","728-40-5","728-40-5",0.447498632163966
"647-42-7","647-42-7","647-42-7",2.18648246115575
"2465-27-2","2465-27-2","2465-27-2",0.33285983941659
"111-76-2","111-76-2","111-76-2",0.667469286695226
"827-21-4","827-21-4","827-21-4",0.572311566172013
"85-01-8","85-01-8","85-01-8",0.488373120771795
"824-78-2","824-78-2","824-78-2",0.213725289738451
"821-55-6","821-55-6","821-55-6",0.74807153220252
"230954-09-3","230954-09-3","230954-09-3",0.0920579016532077
"79-07-2","79-07-2","79-07-2",0.375084780241613
"67-71-0","67-71-0","67-71-0",2.47020799016795
"60207-90-1","60207-90-1","60207-90-1",0.252898581113347
"134-31-6","134-31-6","134-31-6",0.712042912683252
"1118-92-9","1118-92-9","1118-92-9",1.09028610914061
"213464-77-8","213464-77-8","213464-77-8",1.09693344968407
"98-02-2","98-02-2","98-02-2",2.03935609791667
"79-19-6","79-19-6","79-19-6",0.364101802836456
"96-76-4","96-76-4","96-76-4",0.624232978561853
"18172-67-3","18172-67-3","18172-67-3",0.021411873873503
"26530-20-1","26530-20-1","26530-20-1",0.443637085251867
"NOCAS_48514","NOCAS_48514","NOCAS_48514",0.458618564147515
"NOCAS_48176","NOCAS_48176","NOCAS_48176",1.86502406859077
"527680-56-4","527680-56-4","527680-56-4",0.00854969766049447
"75-64-9","75-64-9","75-64-9",4.43690615164079
"109293-97-2","109293-97-2","109293-97-2",0.0457686011281415
"62-74-8","62-74-8","62-74-8",0.777527300891319
"110-65-6","110-65-6","110-65-6",0.0100030783805479
"526-73-8","526-73-8","526-73-8",0.152124449498263
"3173-72-6","3173-72-6","3173-72-6",2.23825232396402
"104-43-8","104-43-8","104-43-8",0.391861464727408
"1609-47-8","1609-47-8","1609-47-8",0.0192376269510842
"142-92-7","142-92-7","142-92-7",1.19810414146605
"836-30-6","836-30-6","836-30-6",0.668449153915278
"59227-89-3","59227-89-3","59227-89-3",0.207481014172122
"6915-15-7","6915-15-7","6915-15-7",0.198441206922707
"60-51-5","60-51-5","60-51-5",0.0966994098879052
"68392-35-8","68392-35-8","68392-35-8",0.145984987762296
"94-18-8","94-18-8","94-18-8",1.1062886237764
"51338-27-3","51338-27-3","51338-27-3",0.606320627137836
"6923-22-4","6923-22-4","6923-22-4",0.135501903077389
"110553-27-0","110553-27-0","110553-27-0",0.824764631695382
"131-55-5","131-55-5","131-55-5",0.222912943342919
"498-81-7","498-81-7","498-81-7",0.943412418863282
"NOCAS_48518","NOCAS_48518","NOCAS_48518",0.437172774862816
"40487-42-1","40487-42-1","40487-42-1",0.37028593344083
"188489-07-8","188489-07-8","188489-07-8",0.00397201387433649
"3653-48-3","3653-48-3","3653-48-3",0.12255231852251
"207736-05-8","207736-05-8","207736-05-8",0.271337085858522
"763-29-1","763-29-1","763-29-1",0.0771603913529148
"14765-30-1","14765-30-1","14765-30-1",0.904210699281126
"1879-09-0","1879-09-0","1879-09-0",1.00025448890639
"301-00-8","301-00-8","301-00-8",0.456474883586218
"139968-49-3","139968-49-3","139968-49-3",1.33955393119622
"678-39-7","678-39-7","678-39-7",3.62238958191379
"253450-09-8","253450-09-8","253450-09-8",0.106922020221054
"756-79-6","756-79-6","756-79-6",0.0451149785307841
"52-86-8","52-86-8","52-86-8",0.882985038331536
"66-71-7","66-71-7","66-71-7",0.0994134390381093
"81-07-2","81-07-2","81-07-2",0.320669559606055
"56-95-1","56-95-1","56-95-1",2.00029912596336
"609-23-4","609-23-4","609-23-4",2.5173167783024
"112-70-9","112-70-9","112-70-9",0.30467087282367
"99129-21-2","99129-21-2","99129-21-2",0.60304346475659
"72-55-9","72-55-9","72-55-9",0.0523903224738945
"2392-39-4","2392-39-4","2392-39-4",1.30891620853999
"5153-25-3","5153-25-3","5153-25-3",1.37042185048811
"1120-21-4","1120-21-4","1120-21-4",0.586533531886857
"107-41-5","107-41-5","107-41-5",0.778703808876387
"827-19-0","827-19-0","827-19-0",0.58543932758485
"50-22-6","50-22-6","50-22-6",0.139517413942439
"106-24-1","106-24-1","106-24-1",0.691674409572236
"54-31-9","54-31-9","54-31-9",0.084510358957845
"142-08-5","142-08-5","142-08-5",0.114532466816421
"4856-95-5","4856-95-5","4856-95-5",0.143865355458774
"623-33-6","623-33-6","623-33-6",0.627934273973924
"55-98-1","55-98-1","55-98-1",0.451228229890213
"1752-30-3","1752-30-3","1752-30-3",0.504034147262923
"7696-12-0","7696-12-0","7696-12-0",0.149650018568828
"493-52-7","493-52-7","493-52-7",0.635071266997074
"591-12-8","591-12-8","591-12-8",0.444315759517764
"94-75-7","94-75-7","94-75-7",0.337058566251373
"89-75-8","89-75-8","89-75-8",0.563917138064976
"102-60-3","102-60-3","102-60-3",0.415589345591012
"1885-38-7","1885-38-7","1885-38-7",0.0237007712856553
"1194-65-6","1194-65-6","1194-65-6",0.360270786473899
"5116-94-9","5116-94-9","5116-94-9",0.0167965322950316
"78-63-7","78-63-7","78-63-7",0.912195111182626
"552-30-7","552-30-7","552-30-7",0.10603523636973
"78-51-3","78-51-3","78-51-3",0.639806380787342
"118-71-8","118-71-8","118-71-8",0.350196920713829
"7173-51-5","7173-51-5","7173-51-5",1.04208456095512
"2078-54-8","2078-54-8","2078-54-8",0.945102346632437
"2426-54-2","2426-54-2","2426-54-2",1.12831124418866
"3025-30-7","3025-30-7","3025-30-7",1.2659648474464
"111-42-2","111-42-2","111-42-2",0.102476660219036
"1156-19-0","1156-19-0","1156-19-0",0.305664333074415
"3064-70-8","3064-70-8","3064-70-8",2.47769052814111
"79622-59-6","79622-59-6","79622-59-6",1.49633466803106
"58-86-6","58-86-6","58-86-6",0.120566953404667
"99-54-7","99-54-7","99-54-7",0.24157750441659
"102-71-6","102-71-6","102-71-6",0.170235529795671
"163520-33-0","163520-33-0","163520-33-0",0.902278018210987
"122-20-3","122-20-3","122-20-3",0.395488108943283
"39515-41-8","39515-41-8","39515-41-8",0.179437609074015
"742693-38-5","742693-38-5","742693-38-5",0.284048967785996
"57-50-1","57-50-1","57-50-1",1.80731921716447
"29091-21-2","29091-21-2","29091-21-2",0.372497004839165
"111-30-8","111-30-8","111-30-8",0.0856688553055417
"10094-34-5","10094-34-5","10094-34-5",1.47798938546641
"709-98-8","709-98-8","709-98-8",0.907226495948861
"291305-06-1","291305-06-1","291305-06-1",0.335449638005445
"98-06-6","98-06-6","98-06-6",0.213136287702874
"96-54-8","96-54-8","96-54-8",0.136118709732436
"78-69-3","78-69-3","78-69-3",0.928557741609653
"2386-87-0","2386-87-0","2386-87-0",0.811070384642302
"55285-14-8","55285-14-8","55285-14-8",0.534997634809768
"221671-62-1","221671-62-1","221671-62-1",1.62309769779912
"88-85-7","88-85-7","88-85-7",0.235190997485546
"288-88-0","288-88-0","288-88-0",0.746925498734311
"19660-16-3","19660-16-3","19660-16-3",0.0616748353226376
"141-66-2","141-66-2","141-66-2",0.118098822615071
"NOCAS_47377","NOCAS_47377","NOCAS_47377",2.11306258368
"205-99-2","205-99-2","205-99-2",1.3200881042364
"120-36-5","120-36-5","120-36-5",0.313673372259508
"142-19-8","142-19-8","142-19-8",1.27101721210392
"330-55-2","330-55-2","330-55-2",0.858786162288998
"15625-89-5","15625-89-5","15625-89-5",0.371300040672738
"140-10-3","140-10-3","140-10-3",0.854293497622365
"331623-06-4","331623-06-4","331623-06-4",0.906759509197277
"55-18-5","55-18-5","55-18-5",0.276432392679634
"1861-40-1","1861-40-1","1861-40-1",0.182693173774945
"107-46-0","107-46-0","107-46-0",2.12524553607985
"106-32-1","106-32-1","106-32-1",1.15667953575073
"628-81-9","628-81-9","628-81-9",0.529488521045878
"NOCAS_48522","NOCAS_48522","NOCAS_48522",1.43452835846867
"1489-69-6","1489-69-6","1489-69-6",0.123305909036096
"95-53-4","95-53-4","95-53-4",0.646005670535598
"5103-71-9","5103-71-9","5103-71-9",1.65662237241464
"112-60-7","112-60-7","112-60-7",0.541701810241538
"839-90-7","839-90-7","839-90-7",1.06083616100744
"60-57-1","60-57-1","60-57-1",1.53143845500461
"3383-96-8","3383-96-8","3383-96-8",0.912767278582067
"2114-11-6","2114-11-6","2114-11-6",0.411604337272167
"97-00-7","97-00-7","97-00-7",0.137073630846955
"626-64-2","626-64-2","626-64-2",0.317910730194993
"72490-01-8","72490-01-8","72490-01-8",0.56182838025921
"5870-93-9","5870-93-9","5870-93-9",1.1152744281781
"102-85-2","102-85-2","102-85-2",1.97990996088727
"462-95-3","462-95-3","462-95-3",0.452687960370977
"495-18-1","495-18-1","495-18-1",0.518019284094533
"120-71-8","120-71-8","120-71-8",0.946361311874513
"73-22-3","73-22-3","73-22-3",0.136652544059956
"NOCAS_47292","NOCAS_47292","NOCAS_47292",0.0508505092408886
"108-32-7","108-32-7","108-32-7",0.130898761051181
"72-54-8","72-54-8","72-54-8",0.0550602001690968
"112-35-6","112-35-6","112-35-6",0.174386570798039
"3452-97-9","3452-97-9","3452-97-9",0.339679443229172
"79-30-1","79-30-1","79-30-1",0.164633774876014
"121-54-0","121-54-0","121-54-0",0.346165757767541
"58-85-5","58-85-5","58-85-5",0.0930856382069857
"6381-77-7","6381-77-7","6381-77-7",0.292524799532241
"959-98-8","959-98-8","959-98-8",0.84980689076186
"80-09-1","80-09-1","80-09-1",0.431231688806415
"140939-17-9","140939-17-9","140939-17-9",0.711800811509749
"88-30-2","88-30-2","88-30-2",0.231467972666154
"586-62-9","586-62-9","586-62-9",0.00109782434177299
"78-46-6","78-46-6","78-46-6",0.409477491608945
"131807-57-3","131807-57-3","131807-57-3",0.124297865503852
"95-49-8","95-49-8","95-49-8",0.540071818441432
"140939-15-7","140939-15-7","140939-15-7",0.284270905983218
"117-80-6","117-80-6","117-80-6",0.60728604403454
"123-35-3","123-35-3","123-35-3",0.184839046245607
"75-07-0","75-07-0","75-07-0",0.830243160640115
"68157-60-8","68157-60-8","68157-60-8",0.769235020015351
"98886-44-3","98886-44-3","98886-44-3",0.0620788305468149
"112-12-9","112-12-9","112-12-9",0.610947973498318
"821-48-7","821-48-7","821-48-7",0.292249082695896
"99-08-1","99-08-1","99-08-1",0.376983404689373
"2432-87-3","2432-87-3","2432-87-3",0.879446652370244
"96182-53-5","96182-53-5","96182-53-5",0.429457615812145
"NOCAS_47383","NOCAS_47383","NOCAS_47383",1.69988648210143
"110-12-3","110-12-3","110-12-3",0.859413362044676
"110-97-4","110-97-4","110-97-4",0.68695329956287
"31482-56-1","31482-56-1","31482-56-1",0.13367304900738
"107-54-0","107-54-0","107-54-0",0.348336801349307
"123-11-5","123-11-5","123-11-5",0.5149527472761
"4584-46-7","4584-46-7","4584-46-7",0.226674812285659
"478149-53-0","478149-53-0","478149-53-0",0.136240445037306
"1702-17-6","1702-17-6","1702-17-6",0.526785452310675
"30516-87-1","30516-87-1","30516-87-1",0.0929431102349047
"741-58-2","741-58-2","741-58-2",0.18087245941394
"868-57-5","868-57-5","868-57-5",0.839993659472807
"3648-21-3","3648-21-3","3648-21-3",0.416921603142414
"16672-87-0","16672-87-0","16672-87-0",0.2370525146899
"147526-32-7","147526-32-7","147526-32-7",0.253159527890261
"27253-33-4","27253-33-4","27253-33-4",0.663275115406847
"86479-06-3","86479-06-3","86479-06-3",0.859229929590807
"140-56-7","140-56-7","140-56-7",0.00262796715956106
"6422-86-2","6422-86-2","6422-86-2",0.128923830003562
"123-96-6","123-96-6","123-96-6",0.832632730576495
"35554-44-0","35554-44-0","35554-44-0",0.526108320449532
"124-07-2","124-07-2","124-07-2",0.878268492775066
"NOCAS_47265","NOCAS_47265","NOCAS_47265",0.367945110742704
"23386-52-9","23386-52-9","23386-52-9",0.254432802908957
"619-73-8","619-73-8","619-73-8",0.0708735583634845
"97322-87-7","97322-87-7","97322-87-7",0.424178563997552
"5349-51-9","5349-51-9","5349-51-9",0.147918248111263
"56070-16-7","56070-16-7","56070-16-7",0.429584387112647
"57837-19-1","57837-19-1","57837-19-1",1.15185507975465
"91-20-3","91-20-3","91-20-3",0.0469165907683076
"69806-50-4","69806-50-4","69806-50-4",0.391171988663252
"1478-61-1","1478-61-1","1478-61-1",0.349994342856032
"763-32-6","763-32-6","763-32-6",0.325913681810691
"10061-01-5","10061-01-5","10061-01-5",0.6598907968163
"69-09-0","69-09-0","69-09-0",0.29510142123755
"56-75-7","56-75-7","56-75-7",0.477987599120512
"298-07-7","298-07-7","298-07-7",0.144448855240886
"2835-39-4","2835-39-4","2835-39-4",1.04683632987425
"99-63-8","99-63-8","99-63-8",0.658098686692139
"111-11-5","111-11-5","111-11-5",1.06006133977999
"103-34-4","103-34-4","103-34-4",0.588471870666344
"3056-17-5","3056-17-5","3056-17-5",0.2047568631969
"13676-54-5","13676-54-5","13676-54-5",0.566693821192975
"80-54-6","80-54-6","80-54-6",1.04784104057521
"271-89-6","271-89-6","271-89-6",0.27066659526072
"78-59-1","78-59-1","78-59-1",0.863246389148266
"55589-62-3","55589-62-3","55589-62-3",0.0698644846341032
"7747-35-5","7747-35-5","7747-35-5",0.520575331947806
"636-21-5","636-21-5","636-21-5",0.625445848238439
"NOCAS_47305","NOCAS_47305","NOCAS_47305",1.89353819507929
"1114-71-2","1114-71-2","1114-71-2",0.960003922685798
"77-90-7","77-90-7","77-90-7",0.30064549609515
"2702-72-9","2702-72-9","2702-72-9",0.321544355257589
"59669-26-0","59669-26-0","59669-26-0",1.00707309393362
"16356-11-9","16356-11-9","16356-11-9",0.145097465237399
"108-38-3","108-38-3","108-38-3",0.18335656140307
"2499-95-8","2499-95-8","2499-95-8",1.27763021258912
"200940-23-4","200940-23-4","200940-23-4",0.344607447561281
"5694-00-8","5694-00-8","5694-00-8",0.0795299755919535
"6359-82-6","6359-82-6","6359-82-6",0.416442520651489
"196808-45-4","196808-45-4","196808-45-4",1.13906013475584
"33956-49-9","33956-49-9","33956-49-9",1.04870467057656
"83-32-9","83-32-9","83-32-9",0.0632835788965622
"2687-96-9","2687-96-9","2687-96-9",0.448099284288912
"109-43-3","109-43-3","109-43-3",0.413180726773683
"6174-86-3","6174-86-3","6174-86-3",0.491669537003813
"95-83-0","95-83-0","95-83-0",0.212553519312012
"5877-42-9","5877-42-9","5877-42-9",0.243474856950732
"122008-85-9","122008-85-9","122008-85-9",0.234939822147394
"139-88-8","139-88-8","139-88-8",0.140849768697856
"109-52-4","109-52-4","109-52-4",0.819043055283365
"109-78-4","109-78-4","109-78-4",0.421033715122969
"1987-50-4","1987-50-4","1987-50-4",1.16986321615025
"163515-14-8","163515-14-8","163515-14-8",0.516229018694912
"83-56-7","83-56-7","83-56-7",0.727831984003104
"5131-66-8","5131-66-8","5131-66-8",0.927129015563113
"95-48-7","95-48-7","95-48-7",0.742986360030019
"104-40-5","104-40-5","104-40-5",0.923517335528693
"112-42-5","112-42-5","112-42-5",0.60333604318772
"2492-26-4","2492-26-4","2492-26-4",0.119776674405966
"544-76-3","544-76-3","544-76-3",1.19512677500915
"78-98-8","78-98-8","78-98-8",0.0438903868489888
"1111-78-0","1111-78-0","1111-78-0",1.31682052154821
"112-14-1","112-14-1","112-14-1",1.10964855505438
"3319-31-1","3319-31-1","3319-31-1",1.18375116793302
"110-05-4","110-05-4","110-05-4",0.43193303526947
"6283-25-6","6283-25-6","6283-25-6",0.210976832408891
"1897-45-6","1897-45-6","1897-45-6",0.999349744861501
"60-33-3","60-33-3","60-33-3",0.323242908426068
"999-97-3","999-97-3","999-97-3",2.39509315764989
"123-17-1","123-17-1","123-17-1",0.676692081402059
"60-12-8","60-12-8","60-12-8",0.409719579245991
"93-56-1","93-56-1","93-56-1",0.88536107323263
"61949-77-7","61949-77-7","61949-77-7",0.371567845422205
"1095-90-5","1095-90-5","1095-90-5",0.976627501799805
"13048-33-4","13048-33-4","13048-33-4",1.11602615740371
"77-89-4","77-89-4","77-89-4",0.0714770104554029
"111-44-4","111-44-4","111-44-4",0.326262830401299
"122836-35-5","122836-35-5","122836-35-5",0.335182238879719
"3647-69-6","3647-69-6","3647-69-6",0.25418179425925
"112-27-6","112-27-6","112-27-6",0.302961377361479
"1139-30-6","1139-30-6","1139-30-6",0.331163536320033
"51-79-6","51-79-6","51-79-6",0.219678436113133
"121-79-9","121-79-9","121-79-9",0.667724049488863
"22248-79-9","22248-79-9","22248-79-9",0.202255560107067
"126-00-1","126-00-1","126-00-1",0.559437736092959
"1067-53-4","1067-53-4","1067-53-4",0.384153516527232
"929-59-9","929-59-9","929-59-9",0.208439833969595
"7212-44-4","7212-44-4","7212-44-4",0.877265215201988
"10022-28-3","10022-28-3","10022-28-3",0.86932581939793
"302-79-4","302-79-4","302-79-4",0.424377416006054
"3147-75-9","3147-75-9","3147-75-9",0.00724037721553134
"120-82-1","120-82-1","120-82-1",0.160766976098943
"93-65-2","93-65-2","93-65-2",0.118043881050939
"58-08-2","58-08-2","58-08-2",1.09731920686642
"101-61-1","101-61-1","101-61-1",0.166218992804681
"NOCAS_47325","NOCAS_47325","NOCAS_47325",0.799376293648132
"77-83-8","77-83-8","77-83-8",1.08049934548622
"121-72-2","121-72-2","121-72-2",0.694217925314226
"19666-30-9","19666-30-9","19666-30-9",0.368590028784318
"626-39-1","626-39-1","626-39-1",1.17812551407174
"97-77-8","97-77-8","97-77-8",0.523593784579543
"93-52-7","93-52-7","93-52-7",0.257359457397148
"10265-92-6","10265-92-6","10265-92-6",0.121191974308369
"827-94-1","827-94-1","827-94-1",0.170601890242077
"99-65-0","99-65-0","99-65-0",0.18161034063219
"115-28-6","115-28-6","115-28-6",0.944002662048316
"1873-88-7","1873-88-7","1873-88-7",2.28118589313325
"460-00-4","460-00-4","460-00-4",0.62625662799447
"85721-33-1","85721-33-1","85721-33-1",0.153836640086274
"147-81-9","147-81-9","147-81-9",0.191316445509515
"113136-77-9","113136-77-9","113136-77-9",0.368202894849247
"307-24-4","307-24-4","307-24-4",2.59397185932329
"109-86-4","109-86-4","109-86-4",0.227930308197649
"63-42-3","63-42-3","63-42-3",1.83975650302959
"648917-13-9","648917-13-9","648917-13-9",0.52983114473879
"144550-36-7","144550-36-7","144550-36-7",0.90137616198669
"124-04-9","124-04-9","124-04-9",0.531734899060082
"131-70-4","131-70-4","131-70-4",1.21849075313233
"2761-24-2","2761-24-2","2761-24-2",0.113601179983721
"91-67-8","91-67-8","91-67-8",0.612364575718638
"93-92-5","93-92-5","93-92-5",1.40023393999502
"3268-49-3","3268-49-3","3268-49-3",0.35394429052341
"3424-82-6","3424-82-6","3424-82-6",0.176741850599333
"6485-40-1","6485-40-1","6485-40-1",0.975417716659051
"104-76-7","104-76-7","104-76-7",0.919269521859165
"104795-68-8","104795-68-8","104795-68-8",0.52899376518629
"10605-21-7","10605-21-7","10605-21-7",0.154545367576441
"94-74-6","94-74-6","94-74-6",0.172771593136209
"26225-79-6","26225-79-6","26225-79-6",0.70161632402679
"79277-27-3","79277-27-3","79277-27-3",1.02106858861237
"29122-68-7","29122-68-7","29122-68-7",0.847846677288997
"134002-60-1","134002-60-1","134002-60-1",0.628093260448997
"141-32-2","141-32-2","141-32-2",1.07453674018894
"134-62-3","134-62-3","134-62-3",1.26275723010074
"927-62-8","927-62-8","927-62-8",0.256840589356176
"51-52-5","51-52-5","51-52-5",0.137545606174889
"15972-60-8","15972-60-8","15972-60-8",1.24930545427365
"84-61-7","84-61-7","84-61-7",0.26706582350606
"93-76-5","93-76-5","93-76-5",0.254055731580372
"80-26-2","80-26-2","80-26-2",1.26391437770263
"243973-20-8","243973-20-8","243973-20-8",0.390796927187053
"824-39-5","824-39-5","824-39-5",0.26371577206641
"4376-18-5","4376-18-5","4376-18-5",0.986440476503169
"69806-40-2","69806-40-2","69806-40-2",0.380245035189903
"61-73-4","61-73-4","61-73-4",0.450089454632603
"35958-30-6","35958-30-6","35958-30-6",1.65399516578241
"112-53-8","112-53-8","112-53-8",0.45442693281948
"80-27-3","80-27-3","80-27-3",1.27269005402105
"55290-64-7","55290-64-7","55290-64-7",0.396931212522894
"103-11-7","103-11-7","103-11-7",1.27575329128377
"91-62-3","91-62-3","91-62-3",0.708911212798142
"29548-30-9","29548-30-9","29548-30-9",0.712394407256225
"75-86-5","75-86-5","75-86-5",0.0915935531663452
"123-25-1","123-25-1","123-25-1",0.728524795704807
"2491-38-5","2491-38-5","2491-38-5",0.411102879165594
"473289-62-2","473289-62-2","473289-62-2",0.0879415239610403
"178928-70-6","178928-70-6","178928-70-6",0.130172759756459
"1934-21-0","1934-21-0","1934-21-0",1.72410864373627
"54464-57-2","54464-57-2","54464-57-2",0.184521358751146
"112-30-1","112-30-1","112-30-1",0.686804659706344
"3524-68-3","3524-68-3","3524-68-3",0.0166422780397371
"57-10-3","57-10-3","57-10-3",0.0135216737122037
"21564-17-0","21564-17-0","21564-17-0",0.591474533666498
"103-09-3","103-09-3","103-09-3",1.19440389548057
"106-30-9","106-30-9","106-30-9",1.18677858121853
"101-86-0","101-86-0","101-86-0",1.07991844591772
"150-13-0","150-13-0","150-13-0",0.577266713249228
"599-79-1","599-79-1","599-79-1",0.394758426269966
"221246-12-4","221246-12-4","221246-12-4",0.912124868151449
"33089-61-1","33089-61-1","33089-61-1",0.0298937468005914
"496-11-7","496-11-7","496-11-7",0.154739498044053
"127-19-5","127-19-5","127-19-5",0.343812569863705
"13292-46-1","13292-46-1","13292-46-1",4.25723830333039
"79-57-2","79-57-2","79-57-2",1.85313577686587
"107-21-1","107-21-1","107-21-1",0.517261535113986
"6153-64-6","6153-64-6","6153-64-6",1.85380083926257
"107-07-3","107-07-3","107-07-3",0.659067405512555
"110-75-8","110-75-8","110-75-8",0.145651174157365
"23184-66-9","23184-66-9","23184-66-9",1.08005890112619
"64091-91-4","64091-91-4","64091-91-4",0.864497634020188
"107-98-2","107-98-2","107-98-2",0.444841347045961
"158081-99-3","158081-99-3","158081-99-3",0.118725634967106
"148-24-3","148-24-3","148-24-3",0.732272472490801
"541-73-1","541-73-1","541-73-1",0.410548614201727
"154-42-7","154-42-7","154-42-7",0.807351889600156
"109-55-7","109-55-7","109-55-7",0.0173232431663149
"60-01-5","60-01-5","60-01-5",0.645050557365847
"126-06-7","126-06-7","126-06-7",0.165522935930731
"174185-16-1","174185-16-1","174185-16-1",0.173769927412156
"17418-58-5","17418-58-5","17418-58-5",0.101935948693132
"103-23-1","103-23-1","103-23-1",0.11102599058128
"99-66-1","99-66-1","99-66-1",1.07908910430918
"4574-04-3","4574-04-3","4574-04-3",0.464929184743151
"115-32-2","115-32-2","115-32-2",0.044024586183309
"117-39-5","117-39-5","117-39-5",1.0991012372672
"106-25-2","106-25-2","106-25-2",0.691674409572236
"16409-43-1","16409-43-1","16409-43-1",0.833898071192568
"88-18-6","88-18-6","88-18-6",1.03851948647352
"58654-67-4","58654-67-4","58654-67-4",0.860898623640901
"626-60-8","626-60-8","626-60-8",0.00924026970400876
"82385-42-0","82385-42-0","82385-42-0",0.362232159370457
"22839-47-0","22839-47-0","22839-47-0",0.460527671388889
"10416-59-8","10416-59-8","10416-59-8",1.74297899567745
"148-79-8","148-79-8","148-79-8",0.503960770276724
"486-56-6","486-56-6","486-56-6",0.62491119382456
"94-82-6","94-82-6","94-82-6",1.05362436853826
"16587-71-6","16587-71-6","16587-71-6",0.120244671632721
"111-46-6","111-46-6","111-46-6",0.153624888365127
"52-01-7","52-01-7","52-01-7",0.695873807253192
"104098-48-8","104098-48-8","104098-48-8",0.737123500870674
"617-89-0","617-89-0","617-89-0",0.138902448673987
"1806-26-4","1806-26-4","1806-26-4",1.04945845871966
"NOCAS_48166","NOCAS_48166","NOCAS_48166",0.770634385112927
"65-71-4","65-71-4","65-71-4",0.387864027798531
"6055-19-2","6055-19-2","6055-19-2",0.225638306857752
"88-58-4","88-58-4","88-58-4",0.422475378904413
"137-66-6","137-66-6","137-66-6",0.338383608616396
"2680-03-7","2680-03-7","2680-03-7",0.589026531493678
"2231-57-4","2231-57-4","2231-57-4",0.390902363358562
"33820-53-0","33820-53-0","33820-53-0",0.264575280821308
"571-58-4","571-58-4","571-58-4",0.110363208890634
"36653-82-4","36653-82-4","36653-82-4",0.217068893677289
"136-77-6","136-77-6","136-77-6",1.15923380618253
"128-39-2","128-39-2","128-39-2",0.400891095924463
"55179-31-2","55179-31-2","55179-31-2",0.239374086583727
"110-62-3","110-62-3","110-62-3",0.434291139629297
"712-50-5","712-50-5","712-50-5",1.00572432396557
"528-29-0","528-29-0","528-29-0",0.183347219337007
"105-21-5","105-21-5","105-21-5",0.909197920267719
"117337-19-6","117337-19-6","117337-19-6",0.724697616579655
"140-38-5","140-38-5","140-38-5",0.158764708006074
"53-03-2","53-03-2","53-03-2",0.155065646176855
"105-60-2","105-60-2","105-60-2",0.212243902178102
"328-84-7","328-84-7","328-84-7",0.116268453088483
"950-37-8","950-37-8","950-37-8",0.490009388746999
"51707-55-2","51707-55-2","51707-55-2",0.166876545543742
"120-65-0","120-65-0","120-65-0",1.19314088400593
"6610-29-3","6610-29-3","6610-29-3",0.0366622233175361
"55406-53-6","55406-53-6","55406-53-6",0.0539917964621602
"99-62-7","99-62-7","99-62-7",0.156954146007373
"1678-91-7","1678-91-7","1678-91-7",0.10138133418944
"91-66-7","91-66-7","91-66-7",0.610143956601637
"791-31-1","791-31-1","791-31-1",0.326641742050984
"117-84-0","117-84-0","117-84-0",0.0492930992716506
"3068-00-6","3068-00-6","3068-00-6",0.478229341162809
"133-07-3","133-07-3","133-07-3",0.0334202014331065
"10081-67-1","10081-67-1","10081-67-1",1.14608912115686
"5977-14-0","5977-14-0","5977-14-0",0.681453427436851
"470-90-6","470-90-6","470-90-6",0.442836303032625
"14371-10-9","14371-10-9","14371-10-9",0.502745000948649
"NOCAS_47328","NOCAS_47328","NOCAS_47328",0.931589902602458
"622-45-7","622-45-7","622-45-7",1.15323891802337
"149-30-4","149-30-4","149-30-4",2.01213931714794
"762-04-9","762-04-9","762-04-9",1.8885758618819
"123-77-3","123-77-3","123-77-3",1.03894810627749
"177785-47-6","177785-47-6","177785-47-6",0.357895293624313
"156-10-5","156-10-5","156-10-5",0.657976707561246
"194098-25-4","194098-25-4","194098-25-4",0.444510914275314
"138261-41-3","138261-41-3","138261-41-3",0.337263632516389
"50-29-3","50-29-3","50-29-3",0.167066273432706
"6728-26-3","6728-26-3","6728-26-3",0.668535626409058
"57-06-7","57-06-7","57-06-7",0.537873716599007
"98-95-3","98-95-3","98-95-3",0.185165451079129
"34451-19-9","34451-19-9","34451-19-9",1.2638159749861
"534-52-1","534-52-1","534-52-1",0.0412256421217671
"122-62-3","122-62-3","122-62-3",0.620202184805228
"159138-81-5","159138-81-5","159138-81-5",0.420874533453561
"129-06-6","129-06-6","129-06-6",0.149533347719164
"NOCAS_47342","NOCAS_47342","NOCAS_47342",0.493398292734052
"54-62-6","54-62-6","54-62-6",1.51294455394256
"82657-04-3","82657-04-3","82657-04-3",0.0287367685431264
"88671-89-0","88671-89-0","88671-89-0",0.149925039991185
"142-87-0","142-87-0","142-87-0",0.224637594591688
"84-74-2","84-74-2","84-74-2",1.17535590359351
"113-48-4","113-48-4","113-48-4",0.343631989666563
"67564-91-4","67564-91-4","67564-91-4",0.521471863348894
"121-69-7","121-69-7","121-69-7",0.680941625952039
"540-18-1","540-18-1","540-18-1",1.15271078468522
"239110-15-7","239110-15-7","239110-15-7",0.281920683331008
"79-24-3","79-24-3","79-24-3",0.385775826217691
"706-14-9","706-14-9","706-14-9",1.18675000842872
"6379-73-3","6379-73-3","6379-73-3",1.10535101327557
"95-87-4","95-87-4","95-87-4",0.869134613278698
"82469-79-2","82469-79-2","82469-79-2",1.11528190583846
"614-45-9","614-45-9","614-45-9",1.20546812755469
"NOCAS_48507","NOCAS_48507","NOCAS_48507",0.0756993274774092
"79983-71-4","79983-71-4","79983-71-4",0.548638189393595
"97-52-9","97-52-9","97-52-9",0.845229451671032
"283594-90-1","283594-90-1","283594-90-1",0.209593631117149
"100-25-4","100-25-4","100-25-4",0.331367931552526
"16484-77-8","16484-77-8","16484-77-8",0.128955983654337
"122-73-6","122-73-6","122-73-6",0.90981544979143
"98-01-1","98-01-1","98-01-1",0.0425295818320496
"125-84-8","125-84-8","125-84-8",0.769214774068268
"627-30-5","627-30-5","627-30-5",0.308121896094503
"112-03-8","112-03-8","112-03-8",1.0079654947765
"123-00-2","123-00-2","123-00-2",0.0442432899917466
"90-72-2","90-72-2","90-72-2",0.135880965715659
"96-23-1","96-23-1","96-23-1",0.513805302149071
"3811-73-2","3811-73-2","3811-73-2",0.0462963275271206
"335-76-2","335-76-2","335-76-2",5.10736890682492
"111-49-9","111-49-9","111-49-9",0.057055803755793
"108-48-5","108-48-5","108-48-5",0.451707109101551
"94-13-3","94-13-3","94-13-3",1.18704099665359
"111-87-5","111-87-5","111-87-5",0.523030684040802
"1061517-62-1","1061517-62-1","1061517-62-1",1.5680924036779
"2016-57-1","2016-57-1","2016-57-1",0.494548227033398
"62-73-7","62-73-7","62-73-7",0.17633987735252
"3380-34-5","3380-34-5","3380-34-5",0.542227351821792
"56375-79-2","56375-79-2","56375-79-2",0.190129047352828
"138-86-3","138-86-3","138-86-3",0.194265841071004
"127-39-9","127-39-9","127-39-9",0.0123064543775167
"112-50-5","112-50-5","112-50-5",0.140118820756681
"116-25-6","116-25-6","116-25-6",0.445023339259234
"2756-56-1","2756-56-1","2756-56-1",0.775074568155289
"169590-42-5","169590-42-5","169590-42-5",0.117062011957362
"64-67-5","64-67-5","64-67-5",0.151789464536591
"105-87-3","105-87-3","105-87-3",1.16389539225655
"309-00-2","309-00-2","309-00-2",1.2913969582929
"99-51-4","99-51-4","99-51-4",0.35830335903141
"789-02-6","789-02-6","789-02-6",0.0109647847026698
"3164-85-0","3164-85-0","3164-85-0",0.873767380854672
"124378-77-4","124378-77-4","124378-77-4",0.617588085474886
"1120-04-3","1120-04-3","1120-04-3",0.784705092347978
"17924-92-4","17924-92-4","17924-92-4",0.747085807198146
"2164-17-2","2164-17-2","2164-17-2",0.385337115436564
"115-29-7","115-29-7","115-29-7",1.02952894169954
"77-92-9","77-92-9","77-92-9",0.206258732779074
"973-21-7","973-21-7","973-21-7",0.106986668858008
"473-55-2","473-55-2","473-55-2",0.347639645077374
"123312-89-0","123312-89-0","123312-89-0",0.266103254326741
"129299-90-7","129299-90-7","129299-90-7",0.0150905406125841
"96-45-7","96-45-7","96-45-7",0.180775768294012
"136-45-8","136-45-8","136-45-8",1.0273944532765
"93-53-8","93-53-8","93-53-8",0.450121345008308
"105-54-4","105-54-4","105-54-4",0.899181778746869
"826-36-8","826-36-8","826-36-8",0.753327629680675
"78-40-0","78-40-0","78-40-0",0.00126802478139955
"4553-62-2","4553-62-2","4553-62-2",1.22917164541496
"123-99-9","123-99-9","123-99-9",0.923035689552051
"532-27-4","532-27-4","532-27-4",0.759504803145809
"91-22-5","91-22-5","91-22-5",0.531858093421483
"94-46-2","94-46-2","94-46-2",1.30905529682346
"41372-08-1","41372-08-1","41372-08-1",0.0555157701427216
"69-74-9","69-74-9","69-74-9",0.146239306006813
"143-22-6","143-22-6","143-22-6",0.204125857007568
"79-43-6","79-43-6","79-43-6",0.583269534015006
"135-02-4","135-02-4","135-02-4",1.18115074937817
"110-27-0","110-27-0","110-27-0",0.336948033354472
"612-12-4","612-12-4","612-12-4",0.399160022295174
"139290-65-6","139290-65-6","139290-65-6",0.637954513221293
"591-22-0","591-22-0","591-22-0",0.594430115232541
"142-62-1","142-62-1","142-62-1",0.910424867714134
"461-58-5","461-58-5","461-58-5",1.23998580414584
"141112-29-0","141112-29-0","141112-29-0",0.22036426632216
"759-94-4","759-94-4","759-94-4",0.978373825489737
"25152-84-5","25152-84-5","25152-84-5",1.04507038011178
"3388-04-3","3388-04-3","3388-04-3",0.0703401190803577
"89415-87-2","89415-87-2","89415-87-2",0.588208131055889
"461023-63-2","461023-63-2","461023-63-2",1.13015124395392
"100-37-8","100-37-8","100-37-8",0.302665532230856
"156052-68-5","156052-68-5","156052-68-5",0.918673326500901
"17321-47-0","17321-47-0","17321-47-0",0.110523724577
"129453-61-8","129453-61-8","129453-61-8",1.70304851375783
"1445-75-6","1445-75-6","1445-75-6",0.356200855461667
"513-86-0","513-86-0","513-86-0",0.451404358161982
"2451-62-9","2451-62-9","2451-62-9",2.72093623087252
"17754-90-4","17754-90-4","17754-90-4",1.01556421478798
"112-07-2","112-07-2","112-07-2",1.1480480410077
"117-08-8","117-08-8","117-08-8",0.127512450368452
"126-07-8","126-07-8","126-07-8",0.378978994101253
"687-47-8","687-47-8","687-47-8",0.858279054298218
"3391-86-4","3391-86-4","3391-86-4",1.06938481598852
"512-56-1","512-56-1","512-56-1",0.556991029074146
"68-96-2","68-96-2","68-96-2",0.141095225314162
"43121-43-3","43121-43-3","43121-43-3",0.767657433792334
"500-38-9","500-38-9","500-38-9",0.225524008197339
"719-59-5","719-59-5","719-59-5",1.02419436438691
"111-43-3","111-43-3","111-43-3",0.341052703496318
"95-13-6","95-13-6","95-13-6",0.195442131747231
"150-68-5","150-68-5","150-68-5",0.559133586586185
"5394-36-5","5394-36-5","5394-36-5",0.490817996014686
"544-63-8","544-63-8","544-63-8",0.362895047697004
"1112-39-6","1112-39-6","1112-39-6",0.187077968780287
"638-07-3","638-07-3","638-07-3",0.813411272985639
"1559-35-9","1559-35-9","1559-35-9",1.02725874231041
"103-24-2","103-24-2","103-24-2",0.450393953097721
"57-83-0","57-83-0","57-83-0",0.260478609787655
"527-60-6","527-60-6","527-60-6",0.087522834689324
"80-15-9","80-15-9","80-15-9",0.727229158168283
"249296-43-3","249296-43-3","249296-43-3",0.0683525809769614
"75-50-3","75-50-3","75-50-3",1.09662751961231
"1634-78-2","1634-78-2","1634-78-2",0.181928296612632
"2996-92-1","2996-92-1","2996-92-1",0.354004037947663
"122-18-9","122-18-9","122-18-9",0.654863948592391
"344930-95-6","344930-95-6","344930-95-6",1.32528074549684
"80844-07-1","80844-07-1","80844-07-1",0.0612419708106393
"127-07-1","127-07-1","127-07-1",0.659424347054931
"57-14-7","57-14-7","57-14-7",0.200055693495445
"108-11-2","108-11-2","108-11-2",0.698581221345877
"59-40-5","59-40-5","59-40-5",0.192542660789895
"928-96-1","928-96-1","928-96-1",0.680187100018906
"2439-01-2","2439-01-2","2439-01-2",1.45806196974411
"5598-15-2","5598-15-2","5598-15-2",0.388611151694639
"150-46-9","150-46-9","150-46-9",0.188103927580758
"80-07-9","80-07-9","80-07-9",0.556994433737066
"123-02-4","123-02-4","123-02-4",0.619987224611604
"676116-04-4","676116-04-4","676116-04-4",0.447053176003654
"5536-61-8","5536-61-8","5536-61-8",0.152506408942209
"108-01-0","108-01-0","108-01-0",0.0330081310676909
"112-25-4","112-25-4","112-25-4",0.967241042065656
"161050-58-4","161050-58-4","161050-58-4",0.474553411937504
"17804-35-2","17804-35-2","17804-35-2",0.048950282220524
"84087-01-4","84087-01-4","84087-01-4",0.0743482818085617
"77-40-7","77-40-7","77-40-7",0.622487607880037
"NOCAS_47366","NOCAS_47366","NOCAS_47366",0.71209686675181
"121552-61-2","121552-61-2","121552-61-2",0.331050051501858
"136-60-7","136-60-7","136-60-7",1.37715531931601
"1918-02-1","1918-02-1","1918-02-1",0.0492057382241282
"118-47-8","118-47-8","118-47-8",0.013998078833857
"108-83-8","108-83-8","108-83-8",0.638843294453033
"147150-35-4","147150-35-4","147150-35-4",0.616021330367881
"1008-72-6","1008-72-6","1008-72-6",0.5015761672295
"57-55-6","57-55-6","57-55-6",0.191010969014929
"4719-04-4","4719-04-4","4719-04-4",1.02899596450503
"180084-01-9","180084-01-9","180084-01-9",1.78251535538267
"589-66-2","589-66-2","589-66-2",1.11772269098577
"1119-40-0","1119-40-0","1119-40-0",0.60362104796635
"126-14-7","126-14-7","126-14-7",4.19006963808168
"181274-15-7","181274-15-7","181274-15-7",0.530367631359856
"3634-83-1","3634-83-1","3634-83-1",2.17947541393873
"106-49-0","106-49-0","106-49-0",0.257497662905745
"4162-45-2","4162-45-2","4162-45-2",1.58094235820034
"49562-28-9","49562-28-9","49562-28-9",0.637229144824323
"625114-41-2","625114-41-2","625114-41-2",0.183455649461016
"101-67-7","101-67-7","101-67-7",0.913337307344394
"930-55-2","930-55-2","930-55-2",0.40115238222604
"32388-55-9","32388-55-9","32388-55-9",0.184175638203814
"65-85-0","65-85-0","65-85-0",0.714459651009474
"13674-87-8","13674-87-8","13674-87-8",1.76042878754951
"123-05-7","123-05-7","123-05-7",0.929119604964815
"599-64-4","599-64-4","599-64-4",0.597889407811328
"874-90-8","874-90-8","874-90-8",0.338879291061795
"427-51-0","427-51-0","427-51-0",0.760178765067732
"1763-23-1","1763-23-1","1763-23-1",4.85971109225938
"25812-30-0","25812-30-0","25812-30-0",1.2633688529013
"72-20-8","72-20-8","72-20-8",1.53143845500461
"112-31-2","112-31-2","112-31-2",0.580339574209331
"135410-20-7","135410-20-7","135410-20-7",0.414559424043205
"24307-26-4","24307-26-4","24307-26-4",0.0956224783012563
"13254-34-7","13254-34-7","13254-34-7",0.880982356985203
"1072-15-7","1072-15-7","1072-15-7",0.285376576139407
"61949-76-6","61949-76-6","61949-76-6",0.371567845422205
"556-61-6","556-61-6","556-61-6",1.28809269566912
"149413-74-1","149413-74-1","149413-74-1",0.619520509724977
"84-58-2","84-58-2","84-58-2",2.93233385717152
"1646-87-3","1646-87-3","1646-87-3",0.6753089317417
"151-05-3","151-05-3","151-05-3",1.42064331932362
"106-36-5","106-36-5","106-36-5",0.964323760126974
"83657-24-3","83657-24-3","83657-24-3",0.467419947985477
"188425-85-6","188425-85-6","188425-85-6",0.575080832529716
"439687-69-1","439687-69-1","439687-69-1",1.67349690275715
"78-42-2","78-42-2","78-42-2",1.31631576595854
"626-48-2","626-48-2","626-48-2",0.176909155899025
"97886-45-8","97886-45-8","97886-45-8",0.329620928088867
"693-54-9","693-54-9","693-54-9",0.717444841704796
"119-07-3","119-07-3","119-07-3",0.270066341066231
"3871-99-6","3871-99-6","3871-99-6",3.43449905112508
"81406-37-3","81406-37-3","81406-37-3",0.67721282229842
"115-77-5","115-77-5","115-77-5",0.399111511959429
"95-14-7","95-14-7","95-14-7",0.214154318856637
"4602-84-0","4602-84-0","4602-84-0",0.747307715593088
"584-84-9","584-84-9","584-84-9",2.96706987881367
"692-86-4","692-86-4","692-86-4",1.11522222917376
"110-26-9","110-26-9","110-26-9",0.47507848212592
"551-93-9","551-93-9","551-93-9",1.10413053265964
"NOCAS_47381","NOCAS_47381","NOCAS_47381",0.0920335679382933
"6117-91-5","6117-91-5","6117-91-5",0.277332554650899
"129-17-9","129-17-9","129-17-9",1.24204403744135
"478263-98-8","478263-98-8","478263-98-8",0.328556254906522
"24683-00-9","24683-00-9","24683-00-9",1.09354560523238
"66441-23-4","66441-23-4","66441-23-4",0.00530086898173467
"103055-07-8","103055-07-8","103055-07-8",1.53963616432195
"1559-34-8","1559-34-8","1559-34-8",0.279049718963706
"76703-62-3","76703-62-3","76703-62-3",0.54312148312493
"611-14-3","611-14-3","611-14-3",0.3280053036331
"533-74-4","533-74-4","533-74-4",0.0840568134656814
"50-69-1","50-69-1","50-69-1",0.191316445509515
"37764-25-3","37764-25-3","37764-25-3",0.890955863432267
"55934-93-5","55934-93-5","55934-93-5",0.823792211151366
"98-07-7","98-07-7","98-07-7",0.245830898548737
"109-97-7","109-97-7","109-97-7",0.447320460399772
"143201-11-0","143201-11-0","143201-11-0",0.24263848080051
"4638-48-6","4638-48-6","4638-48-6",1.0440989095306
"104206-82-8","104206-82-8","104206-82-8",0.0628939429611193
"2444-46-4","2444-46-4","2444-46-4",1.10828500305141
"142-04-1","142-04-1","142-04-1",0.116054867944451
"263553-33-9","263553-33-9","263553-33-9",0.676806522426092
"141-22-0","141-22-0","141-22-0",0.523622905155573
"118-75-2","118-75-2","118-75-2",0.236742393790745
"87-41-2","87-41-2","87-41-2",0.778418344211412
"491-80-5","491-80-5","491-80-5",0.19644911825216
"111-62-6","111-62-6","111-62-6",0.0527267296230656
"89-04-3","89-04-3","89-04-3",1.36067512759925
"33228-44-3","33228-44-3","33228-44-3",0.97156886205093
"123-42-2","123-42-2","123-42-2",0.884803091162771
"79-16-3","79-16-3","79-16-3",0.252654215837742
"13183-79-4","13183-79-4","13183-79-4",0.17376610570408
"41484-35-9","41484-35-9","41484-35-9",2.26883166208315
"609-66-5","609-66-5","609-66-5",0.966819476186763
"126-92-1","126-92-1","126-92-1",0.259903125071567
"139340-56-0","139340-56-0","139340-56-0",0.44514039678418
"2051-62-9","2051-62-9","2051-62-9",0.189719942131227
"615-20-3","615-20-3","615-20-3",0.0485747573218216
"402910-27-4","402910-27-4","402910-27-4",0.299142831246188
"143-08-8","143-08-8","143-08-8",0.737862785611152
"111-21-7","111-21-7","111-21-7",0.264646011763514
"2917-73-9","2917-73-9","2917-73-9",0.575790471837911
"78-70-6","78-70-6","78-70-6",1.08458850851995
"135-98-8","135-98-8","135-98-8",0.328591561528714
"64359-81-5","64359-81-5","64359-81-5",0.398029386688591
"72-33-3","72-33-3","72-33-3",0.757863605826003
"101-42-8","101-42-8","101-42-8",1.04034926115273
"84-75-3","84-75-3","84-75-3",0.653489504331972
"59-87-0","59-87-0","59-87-0",0.232977583463439
"97-74-5","97-74-5","97-74-5",0.298481590622622
"615-13-4","615-13-4","615-13-4",0.146253838821037
"106-58-1","106-58-1","106-58-1",0.409115061425529
"34256-82-1","34256-82-1","34256-82-1",1.26291650660051
"583-78-8","583-78-8","583-78-8",0.386107617979858
"106-65-0","106-65-0","106-65-0",0.420199926181035
"58-56-0","58-56-0","58-56-0",0.658407415566908
"140-53-4","140-53-4","140-53-4",1.53437132859307
"193-39-5","193-39-5","193-39-5",2.07250195276612
"23564-06-9","23564-06-9","23564-06-9",0.23067895254418
"52-68-6","52-68-6","52-68-6",0.0201317533120809
"139149-55-6","139149-55-6","139149-55-6",0.607380506416743
"375-85-9","375-85-9","375-85-9",3.15991184798443
"67-30-1","67-30-1","67-30-1",2.8556046445491
"87-61-6","87-61-6","87-61-6",0.300710173364291
"76-83-5","76-83-5","76-83-5",0.0434328361909603
"77-71-4","77-71-4","77-71-4",0.469233965045876
"2031-67-6","2031-67-6","2031-67-6",0.00508934226610367
"1120-01-0","1120-01-0","1120-01-0",0.484887044401716
"1120-36-1","1120-36-1","1120-36-1",0.497398302127815
"54593-83-8","54593-83-8","54593-83-8",0.107464793963682
"54-85-3","54-85-3","54-85-3",0.589104064645231
"1825-21-4","1825-21-4","1825-21-4",0.155829164496099
"NOCAS_47385","NOCAS_47385","NOCAS_47385",1.14312008246725
"3697-42-5","3697-42-5","3697-42-5",1.99981038662363
"110-85-0","110-85-0","110-85-0",0.537029710529223
"100-80-1","100-80-1","100-80-1",0.386953399682056
"102-82-9","102-82-9","102-82-9",0.0667802270991976
"120-95-6","120-95-6","120-95-6",0.721156242592787
"25311-71-1","25311-71-1","25311-71-1",0.663386457055824
"3252-43-5","3252-43-5","3252-43-5",1.72439717032065
"261947-38-0","261947-38-0","261947-38-0",2.00812663147094
"110-44-1","110-44-1","110-44-1",0.837583441014357
"646-06-0","646-06-0","646-06-0",0.26880726700502
"1241-94-7","1241-94-7","1241-94-7",0.0113197585857789
"100-54-9","100-54-9","100-54-9",0.0234907864853113
"10042-59-8","10042-59-8","10042-59-8",0.904425523640425
"102-96-5","102-96-5","102-96-5",0.380164555993931
"79-14-1","79-14-1","79-14-1",0.337318614452297
"503-74-2","503-74-2","503-74-2",0.609436458532195
"143-50-0","143-50-0","143-50-0",4.08305448325796
"6843-66-9","6843-66-9","6843-66-9",0.464715688876279
"56-81-5","56-81-5","56-81-5",0.0588815650504113
"108-59-8","108-59-8","108-59-8",0.086196657845034
"50-35-1","50-35-1","50-35-1",0.121038847078468
"2795-39-3","2795-39-3","2795-39-3",4.70235865165253
"868-85-9","868-85-9","868-85-9",0.387299125452967
"288104-79-0","288104-79-0","288104-79-0",0.493504036199322
"122-78-1","122-78-1","122-78-1",0.405817938767606
"50-70-4","50-70-4","50-70-4",0.419058112823344
"1929-82-4","1929-82-4","1929-82-4",0.285604136777076
"5333-42-6","5333-42-6","5333-42-6",0.591183701940263
"78-77-3","78-77-3","78-77-3",0.381053197186993
"121-91-5","121-91-5","121-91-5",0.362361744146428
"5392-40-5","5392-40-5","5392-40-5",0.630006043160515
"51-30-9","51-30-9","51-30-9",0.797591331284343
"107-70-0","107-70-0","107-70-0",0.97438776513244
"103-28-6","103-28-6","103-28-6",1.40227365259691
"1120-71-4","1120-71-4","1120-71-4",0.0873178604203261
"957-51-7","957-51-7","957-51-7",0.980645454309631
"85-40-5","85-40-5","85-40-5",0.58926164495741
"87-90-1","87-90-1","87-90-1",0.901588279588064
"93-89-0","93-89-0","93-89-0",1.31785210945036
"77-48-5","77-48-5","77-48-5",0.260953931414225
"13071-79-9","13071-79-9","13071-79-9",0.434848813389455
"120-55-8","120-55-8","120-55-8",0.712762389953842
"66357-35-5","66357-35-5","66357-35-5",0.0834127058183444
"3337-71-1","3337-71-1","3337-71-1",0.327431975753577
"151-21-3","151-21-3","151-21-3",0.0497556878204738
"126-98-7","126-98-7","126-98-7",0.328470462617844
"128-04-1","128-04-1","128-04-1",0.349097091750995
"15214-89-8","15214-89-8","15214-89-8",0.405554958977527
"1469-48-3","1469-48-3","1469-48-3",0.665311327699439
"81334-34-1","81334-34-1","81334-34-1",0.605839910887584
"93-02-7","93-02-7","93-02-7",0.99838945876847
"22224-92-6","22224-92-6","22224-92-6",0.455107034848225
"131860-33-8","131860-33-8","131860-33-8",0.647143118477533
"144-49-0","144-49-0","144-49-0",0.586619264511186
"2144-53-8","2144-53-8","2144-53-8",2.27919407689608
"123-92-2","123-92-2","123-92-2",1.09799653842679
"534-13-4","534-13-4","534-13-4",0.0288668480246373
"10482-56-1","10482-56-1","10482-56-1",1.13202056442163
"61-82-5","61-82-5","61-82-5",0.482187702053432
"1948-33-0","1948-33-0","1948-33-0",1.13696596557981
"109-77-3","109-77-3","109-77-3",1.65986480215194
"149979-41-9","149979-41-9","149979-41-9",0.708665398617337
"131341-86-1","131341-86-1","131341-86-1",0.632008625804226
"1861-32-1","1861-32-1","1861-32-1",0.00223208172863066
"135158-54-2","135158-54-2","135158-54-2",0.169848118379281
"298-00-0","298-00-0","298-00-0",0.53524045391671
"135-19-3","135-19-3","135-19-3",0.0435065663397773
"120-83-2","120-83-2","120-83-2",0.0757502510249193
"21739-91-3","21739-91-3","21739-91-3",0.773174896130626
"115-86-6","115-86-6","115-86-6",0.548566552021694
"77501-63-4","77501-63-4","77501-63-4",0.363312047662176
"5234-68-4","5234-68-4","5234-68-4",0.925259014899238
"NOCAS_47291","NOCAS_47291","NOCAS_47291",0.362712135075559
"101-77-9","101-77-9","101-77-9",0.330762298016264
"563-12-2","563-12-2","563-12-2",1.47842303052107
"117-81-7","117-81-7","117-81-7",0.167897603412251
"112-38-9","112-38-9","112-38-9",1.10327029944988
"95-65-8","95-65-8","95-65-8",0.202850237301024
"834-12-8","834-12-8","834-12-8",0.139636661746369
"2832-40-8","2832-40-8","2832-40-8",0.512931017011242
"94361-06-5","94361-06-5","94361-06-5",0.208997161997522
"150-19-6","150-19-6","150-19-6",0.918006316177306
"1459-93-4","1459-93-4","1459-93-4",0.770965297261972
"206-44-0","206-44-0","206-44-0",0.705062215274324
"92-91-1","92-91-1","92-91-1",0.945638636402643
"106-50-3","106-50-3","106-50-3",0.105423772699022
"540-38-5","540-38-5","540-38-5",0.713600299168268
"1007-28-9","1007-28-9","1007-28-9",0.0260207005006663
"120-12-7","120-12-7","120-12-7",0.535033984425818
"56-55-3","56-55-3","56-55-3",1.23647102858461
"1638-22-8","1638-22-8","1638-22-8",0.720306209071049
"101-37-1","101-37-1","101-37-1",0.115411045479848
"612-82-8","612-82-8","612-82-8",0.0158927357239324
"87818-31-3","87818-31-3","87818-31-3",0.655870511163942
"131983-72-7","131983-72-7","131983-72-7",0.416457100210886
"1031-07-8","1031-07-8","1031-07-8",1.15963712067165
"149062-75-9","149062-75-9","149062-75-9",0.491407305938925
"4291-63-8","4291-63-8","4291-63-8",0.290697326922637
"606-20-2","606-20-2","606-20-2",0.155857117687425
"51632-16-7","51632-16-7","51632-16-7",0.623656176276525
"2642-71-9","2642-71-9","2642-71-9",0.00603745633532075
"79-94-7","79-94-7","79-94-7",1.57299809892755
"13194-48-4","13194-48-4","13194-48-4",0.141065802437497
"2212-67-1","2212-67-1","2212-67-1",0.978125495144754
"112733-06-9","112733-06-9","112733-06-9",0.245588463393863
"56-72-4","56-72-4","56-72-4",0.232262161229158
"124-94-7","124-94-7","124-94-7",0.59558161519242
"460081-99-6","460081-99-6","460081-99-6",0.197287639721294
"103-33-3","103-33-3","103-33-3",0.094704469796954
"27314-13-2","27314-13-2","27314-13-2",0.359409848554857
"81777-89-1","81777-89-1","81777-89-1",1.31706265602133
"NOCAS_47248","NOCAS_47248","NOCAS_47248",0.133753343527155
"353280-07-6","353280-07-6","353280-07-6",0.421551315384469
"1214-39-7","1214-39-7","1214-39-7",0.0393060639513761
"2243-62-1","2243-62-1","2243-62-1",0.44983667700636
"95-54-5","95-54-5","95-54-5",0.301609886389448
"13826-35-2","13826-35-2","13826-35-2",0.95875998177912
"220860-50-4","220860-50-4","220860-50-4",0.154126673224036
"79538-32-2","79538-32-2","79538-32-2",0.614661096037713
"91-59-8","91-59-8","91-59-8",0.0129622300124705
"55-38-9","55-38-9","55-38-9",0.523319382209481
"122-34-9","122-34-9","122-34-9",0.0858139734693659
"NOCAS_47334","NOCAS_47334","NOCAS_47334",0.11847738598411
"87-86-5","87-86-5","87-86-5",0.715368774500831
"105512-06-9","105512-06-9","105512-06-9",0.67385160699776
"82-44-0","82-44-0","82-44-0",0.980074557363782
"42509-80-8","42509-80-8","42509-80-8",0.340675831245703
"445295-04-5","445295-04-5","445295-04-5",0.770828331627561
"50594-66-6","50594-66-6","50594-66-6",0.0372555356873724
"2971-36-0","2971-36-0","2971-36-0",0.187654008462521
"28159-98-0","28159-98-0","28159-98-0",0.118860863415543
"189003-92-7","189003-92-7","189003-92-7",1.11107394009258
"5598-13-0","5598-13-0","5598-13-0",0.134738595415703
"496-72-0","496-72-0","496-72-0",0.419075874980841
"1747-60-0","1747-60-0","1747-60-0",0.333791768982899
"22781-23-3","22781-23-3","22781-23-3",0.669871161286513
"131-57-7","131-57-7","131-57-7",1.0632103274134
"686756-87-6","686756-87-6","686756-87-6",0.683121177141966
"20325-40-0","20325-40-0","20325-40-0",0.228267314563787
"139-13-9","139-13-9","139-13-9",0.244558224968097
"94-80-4","94-80-4","94-80-4",1.19238771062383
"119-90-4","119-90-4","119-90-4",0.240422833079653
"24851-98-7","24851-98-7","24851-98-7",1.07506367828162
"135-57-9","135-57-9","135-57-9",0.876224167602835
"92-87-5","92-87-5","92-87-5",0.043025206129668
"101-05-3","101-05-3","101-05-3",0.0415963712641249
"179465-71-5","179465-71-5","179465-71-5",0.325764628022439
"214535-77-0","214535-77-0","214535-77-0",0.566222066440747
"97-56-3","97-56-3","97-56-3",0.169970045386011
"199171-88-5","199171-88-5","199171-88-5",0.316388934576436
"92-84-2","92-84-2","92-84-2",0.413910941375138
"333-41-5","333-41-5","333-41-5",0.651974164141006
"74051-80-2","74051-80-2","74051-80-2",0.626895964606418
"14938-35-3","14938-35-3","14938-35-3",1.17142630161279
"612-83-9","612-83-9","612-83-9",0.0888102672579768
"94-86-0","94-86-0","94-86-0",1.2000668233443
"80-46-6","80-46-6","80-46-6",0.317583314582749
"117-79-3","117-79-3","117-79-3",0.700112113276309
"486-66-8","486-66-8","486-66-8",0.0828137064513416
"41198-08-7","41198-08-7","41198-08-7",0.358777944800495
"118-79-6","118-79-6","118-79-6",1.07749896575015
"110488-70-5","110488-70-5","110488-70-5",0.445824203159409
"99-76-3","99-76-3","99-76-3",0.630857226522725
"110235-47-7","110235-47-7","110235-47-7",0.495914909758826
"56-53-1","56-53-1","56-53-1",0.533798369916509
"2934-05-6","2934-05-6","2934-05-6",1.07159868632828
"NOCAS_47311","NOCAS_47311","NOCAS_47311",2.26015915794761
"24602-86-6","24602-86-6","24602-86-6",0.0362989666740503
"1470-94-6","1470-94-6","1470-94-6",0.00925209946539446
"128-95-0","128-95-0","128-95-0",0.606632619767499
"56-38-2","56-38-2","56-38-2",0.644753089336769
"7287-19-6","7287-19-6","7287-19-6",0.0878733521841481
"1610-18-0","1610-18-0","1610-18-0",0.00771760875565699
"151506-44-4","151506-44-4","151506-44-4",0.0201081853367048
"487-06-9","487-06-9","487-06-9",0.410554400644537
"104-54-1","104-54-1","104-54-1",0.532044176797853
"744-45-6","744-45-6","744-45-6",0.283396372156086
"171866-31-2","171866-31-2","171866-31-2",0.182345903283618
"1134-23-2","1134-23-2","1134-23-2",1.01140999063919
"93-16-3","93-16-3","93-16-3",1.14885873184753
"59756-60-4","59756-60-4","59756-60-4",0.0884149918877118
"119446-68-3","119446-68-3","119446-68-3",0.167553313826156
"6152-33-6","6152-33-6","6152-33-6",0.322931487936749
"123-31-9","123-31-9","123-31-9",0.0480676589362529
"79902-63-9","79902-63-9","79902-63-9",0.113752387630298
"63-25-2","63-25-2","63-25-2",0.841677972436215
"118134-30-8","118134-30-8","118134-30-8",0.428146182284926
"101-21-3","101-21-3","101-21-3",1.17561577118502
"842-07-9","842-07-9","842-07-9",0.176811114955123
"97-54-1","97-54-1","97-54-1",1.18386611789132
"6190-65-4","6190-65-4","6190-65-4",0.193035047806631
"501027-49-2","501027-49-2","501027-49-2",0.462975726082638
"2110-18-1","2110-18-1","2110-18-1",0.767558692948422
"129-00-0","129-00-0","129-00-0",1.14556504588916
"121-75-5","121-75-5","121-75-5",0.0406774551947303
"210826-40-7","210826-40-7","210826-40-7",0.857029229715453
"129630-19-9","129630-19-9","129630-19-9",0.0115221969246493
"120-47-8","120-47-8","120-47-8",0.890184742673668
"148477-71-8","148477-71-8","148477-71-8",0.450145762067122
"29232-93-7","29232-93-7","29232-93-7",0.375778440352495
"51-03-6","51-03-6","51-03-6",0.349238290435595
"105-67-9","105-67-9","105-67-9",0.282729167437786
"1570-64-5","1570-64-5","1570-64-5",0.630455684710182
"23031-36-9","23031-36-9","23031-36-9",0.631784031907007
"122-14-5","122-14-5","122-14-5",0.567447224101325
"78587-05-0","78587-05-0","78587-05-0",0.397973187975257
"135-88-6","135-88-6","135-88-6",0.317572245848933
"90-43-7","90-43-7","90-43-7",0.795349938049725
"119-93-7","119-93-7","119-93-7",0.0340979231003771
"60-09-3","60-09-3","60-09-3",0.209861557129997
"76738-62-0","76738-62-0","76738-62-0",0.619577093991208
"1912-24-9","1912-24-9","1912-24-9",0.154014272391401
"128639-02-1","128639-02-1","128639-02-1",0.0413409937394835
"7378-99-6","7378-99-6","7378-99-6",0.376853066958096
"68359-37-5","68359-37-5","68359-37-5",0.195415533386598
"80-05-7","80-05-7","80-05-7",0.663634339148687
