"","Predict","Real"
"123-00-2",0.029858143978153,0
"60-54-8",0.238643471333421,0
"106-46-7",0.0299159911968073,0
"1610-18-0",0.238643471333421,1
"824-39-5",0.0299435355485175,0
"18924-66-8",0.029858143978153,0
"76738-62-0",0.238643471333421,1
"719-59-5",0.238643471333421,0
"140-49-8",0.0299039851200162,0
"125-84-8",0.238643471333421,0
"5153-25-3",0.029858143978153,0
"120068-37-3",0.238643471333421,0
"1114-71-2",0.029858143978153,0
"113-48-4",0.238643471333421,0
"NOCAS_47366",0.238643471333421,0
"7786-61-0",0.233557938710437,0
"151-05-3",0.029858143978153,0
"461023-63-2",0.029858143978153,0
"1885-29-6",0.20616196315951,0
"3388-04-3",0.0300062655972823,0
"6381-77-7",0.029858143978153,0
"39515-41-8",0.238643471333421,0
"138-22-7",0.029858143978153,0
"3825-26-1",0.238643471333421,0
"110-80-5",0.0298592628781207,0
"79-43-6",0.029858143978153,0
"73-31-4",0.238316049816063,0
"123-15-9",0.029858143978153,0
"121-69-7",0.234486196404132,0
"2444-46-4",0.029858143978153,0
"33228-44-3",0.029858143978153,0
"480-40-0",0.238643471333421,0
"59-67-6",0.029858143978153,0
"344930-95-6",0.029858143978153,0
"105-21-5",0.029858143978153,0
"301-00-8",0.029858143978153,0
"615-13-4",0.0299410381458785,0
"4162-45-2",0.238643471333421,0
"51-21-8",0.029858143978153,0
"94361-06-5",0.238643471333421,1
"1120-71-4",0.029858143978153,0
"72-43-5",0.238643471333421,0
"23184-66-9",0.238643471333421,0
"706-14-9",0.029858143978153,0
"5349-51-9",0.029858143978153,0
"NOCAS_48514",0.238643471333421,0
"54464-57-2",0.238643471333421,0
"5915-41-3",0.238642857381895,1
"3424-82-6",0.238643471333421,0
"194098-25-4",0.238643471333421,0
"120-95-6",0.126284230007408,0
"2439-01-2",0.0298632223870596,0
"60-35-5",0.0298587201126708,0
"109-97-7",0.0495345812889249,0
"54-31-9",0.238643471333421,0
"19660-16-3",0.029858143978153,0
"131860-33-8",0.238643471333421,0
"1445-75-6",0.029858143978153,0
"107-92-6",0.029858143978153,0
"65-71-4",0.029858143978153,0
"82657-04-3",0.238643471333421,0
"56507-37-0",0.029858143978153,0
"712-50-5",0.029858143978153,0
"87-62-7",0.0371323558637388,0
"163515-14-8",0.238643471333421,0
"117337-19-6",0.238643471333421,0
"117-39-5",0.238643471333421,0
"54-85-3",0.029858143978153,0
"486-56-6",0.0298582222640301,0
"576-26-1",0.04861141451957,0
"58-08-2",0.23093222978197,0
"79538-32-2",0.238643471333421,1
"91-20-3",0.031478048783308,0
"6385-62-2",0.238643471333421,0
"928-96-1",0.029858143978153,0
"610-39-9",0.029869658968589,0
"1459-93-4",0.029858143978153,1
"107-88-0",0.029858143978153,0
"41372-08-1",0.238627309781553,0
"827-19-0",0.0305781283926366,0
"50-14-6",0.238643471333421,0
"91-67-8",0.029873333526815,0
"17924-92-4",0.238643471333421,0
"123312-89-0",0.0298582474356242,0
"129298-91-5",0.238643471333421,0
"53-03-2",0.238643471333421,0
"7659-86-1",0.029858143978153,0
"116-29-0",0.238643471333421,0
"122-73-6",0.029858143978153,0
"110-27-0",0.029858143978153,0
"92-87-5",0.238643471333421,1
"349495-42-7",0.238643471333421,1
"623-36-9",0.029858143978153,0
"64359-81-5",0.029858143978153,0
"243973-20-8",0.238643471333421,0
"650-51-1",0.029858143978153,0
"110488-70-5",0.238643471333421,1
"144-49-0",0.029858143978153,0
"111-34-2",0.029858143978153,0
"35575-96-3",0.238643471333421,0
"115-32-2",0.238643471333421,0
"2303-17-5",0.0298770245520477,0
"108-38-3",0.0298589502591167,0
"134-20-3",0.0298611587373393,0
"123-51-3",0.029858143978153,0
"1061517-62-1",0.029858143978153,0
"126-72-7",0.238643471333421,0
"76-83-5",0.238643471333421,0
"1912-24-9",0.238572967896427,1
"159138-81-5",0.238643471333421,0
"50-69-1",0.029858143978153,0
"7786-34-7",0.029858143978153,0
"79-24-3",0.0298585122368338,0
"78-07-9",0.0298646625199189,0
"1194-65-6",0.0309242426930857,0
"587-65-5",0.0452288214499926,0
"52-86-8",0.238643471333421,0
"63-25-2",0.238643471333421,1
"101-61-1",0.238641739614237,0
"6317-18-6",0.029930322910898,0
"6190-65-4",0.238570633371311,1
"87-91-2",0.029858143978153,0
"NOCAS_47291",0.238643471333421,1
"2680-03-7",0.0298676360573944,0
"55-38-9",0.238643471333421,1
"220860-50-4",0.238643471333421,1
"307-24-4",0.238643471333421,0
"5146-66-7",0.029858143978153,0
"3653-48-3",0.031353227714711,0
"115-29-7",0.238643471333421,0
"5392-40-5",0.029858143978153,0
"827-94-1",0.237850287920918,0
"586-62-9",0.029858143978153,0
"98-07-7",0.0298972756835189,0
"108-45-2",0.23845843065586,0
"143-50-0",0.238643471333421,0
"106-30-9",0.029858143978153,0
"1478-61-1",0.238643471333421,0
"109-52-4",0.029858143978153,0
"1470-94-6",0.0633311178818186,1
"109-55-7",0.0298600135529352,0
"98-02-2",0.0299417975668492,0
"2835-39-4",0.029858143978153,0
"585-34-2",0.0298588446375972,0
"82-44-0",0.238643471333421,1
"636-21-5",0.0528925602752565,0
"64-67-5",0.029858143978153,0
"512-56-1",0.0298608783959317,0
"76014-81-8",0.029858143978153,0
"3737-41-5",0.029858143978153,0
"496-46-8",0.0299448604220238,0
"14351-66-7",0.238643471333421,0
"5103-74-2",0.238643471333421,0
"NOCAS_47342",0.238643471333421,0
"117-84-0",0.029858143978153,0
"59669-26-0",0.029858554946865,0
"17418-58-5",0.238643471333421,0
"3547-33-9",0.029858143978153,0
"99-54-7",0.0298597015399057,0
"1702-17-6",0.00872182670469612,0
"484-17-3",0.30343447591063,0
"1338-43-8",0.303970924121633,0
"50-21-5",0.00872182670469612,0
"57-83-0",0.303970924121633,0
"569-64-2",0.303970924121633,0
"93-52-7",0.00872182670469612,0
"152019-73-3",0.00874366022876016,0
"6283-25-6",0.00872375509254775,0
"20780-48-7",0.00872182670469612,0
"6440-58-0",0.00872182670469612,0
"134-03-2",0.00872182670469612,0
"102-27-2",0.114137119038273,0
"2310-17-0",0.303970924121633,0
"86479-06-3",0.303970924121633,0
"78491-02-8",0.00872182670469612,0
"72-20-8",0.00872182670469612,0
"2971-36-0",0.268615160581055,1
"NOCAS_47346",0.303970924121633,0
"19774-82-4",0.303970924121633,0
"117-79-3",0.303263459226285,1
"645-62-5",0.00872182670469612,0
"110-12-3",0.00872182670469612,0
"3391-86-4",0.00872182670469612,0
"115-96-8",0.00872182670469612,0
"79-57-2",0.303970924121633,0
"57-50-1",0.00872182670469612,0
"3319-31-1",0.00872182670469612,0
"6117-91-5",0.00872182670469612,0
"36653-82-4",0.00872182670469612,0
"999-97-3",0.00872182670469612,0
"104-67-6",0.00872182670469612,0
"97886-45-8",0.00872196921159024,0
"58-85-5",0.00872182670469612,0
"76-44-8",0.00872182670469612,0
"439687-69-1",0.00872182670469612,0
"628-63-7",0.00872182670469612,0
"39236-46-9",0.0418755677711423,0
"4291-63-8",0.0801304972675225,1
"283594-90-1",0.303970924121633,0
"10453-86-8",0.303970924121633,0
"34256-82-1",0.177785168642963,0
"29548-30-9",0.303970924121633,0
"3739-38-6",0.303970924121633,0
"219790-72-4",0.303970924121633,0
"1062243-51-9",0.00872182670469612,0
"NOCAS_47311",0.00872182670469612,1
"7747-35-5",0.00872182670469612,0
"834-12-8",0.302087896167201,1
"123-42-2",0.00872182670469612,0
"135-98-8",0.00872182670469612,0
"153719-23-4",0.0087221992620371,0
"4553-62-2",0.276239309640006,0
"35691-65-7",0.00872182670469612,0
"127-39-9",0.00872182670469612,0
"111-21-7",0.00872308348703654,0
"860-22-0",0.303970924121633,0
"123-25-1",0.00872182670469612,0
"1067-53-4",0.00872887825625535,0
"2390-60-5",0.00872182670469612,0
"3811-73-2",0.00872962970239594,0
"57-30-7",0.00872182670469612,0
"103-09-3",0.00872182670469612,0
"682-01-9",0.00872182670469612,0
"76703-62-3",0.303970924121633,0
"78-42-2",0.303970924121633,0
"119446-68-3",0.303970924121633,1
"534-13-4",0.00872233520062732,0
"30560-19-1",0.00872182670469612,0
"150-46-9",0.00872192340080075,0
"556-61-6",0.00872182670469612,0
"50-70-4",0.00872182670469612,0
"526-73-8",0.0828567891184521,0
"60-57-1",0.00872182670469612,0
"20120-33-6",0.00872182670469612,0
"139290-65-6",0.303970924121633,0
"77-92-9",0.00872182670469612,0
"30516-87-1",0.00872543738438264,0
"2451-62-9",0.00873074989959366,0
"695-06-7",0.00872182670469612,0
"611-14-3",0.00872225808762594,0
"19721-22-3",0.00872182670469612,0
"131-52-2",0.00872182670469612,0
"112-80-1",0.0289767812389204,0
"110-93-0",0.00872182670469612,0
"15214-89-8",0.00872182670469612,0
"51218-45-2",0.0328897077652228,0
"80-09-1",0.303970924121633,0
"NOCAS_47377",0.00872182670469612,0
"98-53-3",0.00872182670469612,0
"74051-80-2",0.303952006444322,1
"334-48-5",0.00872182670469612,0
"106-25-2",0.00872182670469612,0
"147150-35-4",0.303970924121633,0
"927-62-8",0.00872182670469612,0
"26225-79-6",0.303970924121633,0
"22915-73-7",0.303970924121633,0
"500-38-9",0.303970924121633,0
"121-14-2",0.00872182670469612,0
"13311-84-7",0.00872182670469612,0
"104-54-1",0.00872182670469612,1
"134-62-3",0.00873560957567709,0
"98-00-0",0.00966221915886545,0
"2426-54-2",0.00872182670469612,0
"1987-50-4",0.239136265010265,0
"836-30-6",0.303966499382531,0
"127-07-1",0.00872182670469612,0
"22781-23-3",0.303970924121633,1
"98-95-3",0.00872182670469612,0
"584-84-9",0.0901335133092861,0
"7212-44-4",0.00875506991195701,0
"478149-53-0",0.303970924121633,0
"2409-55-4",0.00872531284238581,0
"617-89-0",0.0117380695744639,0
"118-71-8",0.0290113758366627,0
"108-93-0",0.00872182670469612,0
"88671-89-0",0.300439422784889,0
"103-56-0",0.00872200898741265,0
"87820-88-0",0.303970924121633,0
"12427-38-2",0.00872182670469612,0
"3173-72-6",0.229298078824836,0
"206-44-0",0.303970924121633,1
"485-31-4",0.30395212733172,0
"149413-74-1",0.303970924121633,0
"126-98-7",0.0087264301175588,0
"230954-09-3",0.303970924121633,0
"2835-95-2",0.303916375855911,1
"3056-17-5",0.00872182670469612,0
"141-04-8",0.278590934948337,0
"821-55-6",0.00872182670469612,0
"626-48-2",0.00872273664223167,0
"104795-68-8",0.303970924121633,0
"51-03-6",0.303970924121633,1
"616-47-7",0.00872475251574661,0
"118-52-5",0.00872182670469612,0
"156-10-5",0.303970924121633,0
"112-38-9",0.00872182670469612,1
"103-23-1",0.303970924121633,0
"88-06-2",0.00872182670469612,1
"59756-60-4",0.303970924121633,1
"111-30-8",0.00872182670469612,0
"101-86-0",0.00872182670469612,0
"121-75-5",0.00872182670469612,1
"112-50-5",0.00872182670469612,0
"34451-19-9",0.00872182670469612,0
"131341-86-1",0.303970924121633,0
"129453-61-8",0.00872182670469612,0
"200940-23-4",0.303970924121633,0
"487-06-9",0.303970924121633,1
"110-26-9",0.00872182670469612,0
"591-22-0",0.0179104612252737,0
"84087-01-4",0.00872182670469612,0
"NOCAS_47328",0.303970924121633,0
"92-68-2",0.00872182670469612,0
"75-64-9",0.00872182670469612,0
"55290-64-7",0.00872182670469612,0
"5116-94-9",0.00872182670469612,0
"614-45-9",0.00872422615204588,0
"98967-40-9",0.295570072920752,0
"725228-45-5",0.0391248063632553,0
"37764-25-3",0.0378175860927207,0
"101-54-2",0.320584137122048,0
"42874-03-3",0.320593486782318,1
"676116-04-4",0.320497848520057,0
"60-51-5",0.0378175860927207,0
"68959-20-6",0.245133034345138,0
"473289-62-2",0.210029259888304,0
"68359-37-5",0.320593486782318,1
"118-79-6",0.0378175860927207,1
"139968-49-3",0.0378175860927207,0
"104-76-7",0.0378175860927207,0
"105-90-8",0.0378175860927207,0
"112-18-5",0.037888530035856,0
"117-81-7",0.0378175860927207,1
"1675-54-3",0.320593486782318,0
"877-24-7",0.0378175860927207,0
"69655-05-6",0.0378208411713061,0
"4719-04-4",0.0378175860927207,0
"99-51-4",0.038346747790616,0
"143-08-8",0.0378175860927207,0
"6842-15-5",0.0378175860927207,0
"28434-00-6",0.0378247227584084,0
"78-97-7",0.037818804945755,0
"3006-93-7",0.320592988176749,0
"302-79-4",0.0378208680654473,0
"3164-85-0",0.0378175860927207,0
"2756-56-1",0.0378176975395479,0
"184653-84-7",0.320593486782318,0
"1929-73-3",0.0378185006180163,0
"23564-05-8",0.0997477374276061,0
"10540-29-1",0.320591071465745,0
"1212-29-9",0.314161386699403,0
"3452-97-9",0.0378175860927207,0
"3337-71-1",0.0378175860927207,0
"3026-63-9",0.0378175860927207,0
"13071-79-9",0.0378175860927207,0
"75330-75-5",0.0378175860927207,0
"6359-90-6",0.0384957047011507,0
"534-52-1",0.0378179843653759,0
"52663-68-0",0.320593486782318,0
"716-79-0",0.236574629189751,0
"94-74-6",0.0381332934881128,0
"3252-43-5",0.0378175860927207,0
"99-62-7",0.0378175860927207,0
"85-22-3",0.0378175860927207,0
"31482-56-1",0.320592911447371,0
"24307-26-4",0.0387360639837099,0
"6923-22-4",0.0378175860927207,0
"637-07-0",0.0626992397657326,0
"41484-35-9",0.0378175860927207,0
"79-07-2",0.0378175860927207,0
"56-38-2",0.287824915554724,1
"4107-98-6",0.0378822503561314,0
"122931-48-0",0.31696286651756,0
"1119-40-0",0.0378175860927207,0
"874-60-2",0.0379702635145274,0
"102-85-2",0.0378175860927207,0
"3852-09-3",0.0378175860927207,0
"487-68-3",0.0378488390134843,0
"1689-84-5",0.0378175860927207,0
"6152-33-6",0.0588577933782467,1
"1118-92-9",0.0378175860927207,0
"98-87-3",0.0423639568545171,0
"470-90-6",0.0378175860927207,0
"687-47-8",0.0378175860927207,0
"288104-79-0",0.320593486782318,0
"60168-88-9",0.320168994315147,0
"55934-93-5",0.0378175860927207,0
"118-56-9",0.0379774941970254,1
"26172-55-4",0.038803042406464,0
"92-91-1",0.137407891395484,1
"26644-46-2",0.051443532241462,0
"20265-97-8",0.118991541341106,0
"NOCAS_47385",0.0378175860927207,0
"95-13-6",0.0378175860927207,0
"103-34-4",0.0378175860927207,0
"62-73-7",0.0378175860927207,0
"23696-85-7",0.0378175860927207,0
"27955-94-8",0.320593486782318,0
"19666-30-9",0.320593486782318,0
"50-33-9",0.320593486782318,0
"81-07-2",0.0378177017072691,0
"NOCAS_47334",0.0378212003674736,1
"115-95-7",0.0378177265184914,0
"79-94-7",0.0561206228954273,1
"959-98-8",0.0418268681586418,0
"68844-77-9",0.0378175860927207,0
"261947-38-0",0.0378175860927207,0
"589-66-2",0.0378175860927207,0
"171118-09-5",0.0378501168878372,0
"139-87-7",0.0378175860927207,0
"79622-59-6",0.320575961914514,0
"108-31-6",0.0378175860927207,0
"120-80-9",0.250888431210137,1
"121-72-2",0.0380014186029669,0
"91-66-7",0.0378241616110371,0
"57-10-3",0.0378175860927207,0
"140939-15-7",0.0378179321512008,0
"33956-49-9",0.0378175860927207,0
"111-42-2",0.0378175860927207,0
"89-75-8",0.140078456499899,0
"97-56-3",0.320553184972119,1
"95-49-8",0.0382840955673788,0
"110-75-8",0.0378175860927207,0
"60-33-3",0.0378175860927207,0
"791-31-1",0.320591243137663,0
"120-36-5",0.225261521588894,0
"69806-40-2",0.320593486782318,0
"95266-40-3",0.0378175860927207,0
"137-66-6",0.0378175860927207,0
"NOCAS_47267",0.320593486782318,0
"2934-05-6",0.0378241734299217,1
"96-18-4",0.0378175860927207,0
"78-62-6",0.0378175860927207,0
"23135-22-0",0.0378175860927207,0
"584-13-4",0.0468622705119544,0
"115-77-5",0.0378175860927207,0
"103-90-2",0.313338249434587,0
"728-40-5",0.320591827982699,0
"4390-04-9",0.0378175860927207,0
"10016-20-3",0.0378175860927207,0
"141-66-2",0.0378175860927207,0
"5138-18-1",0.0378175860927207,0
"66-71-7",0.0381969984089006,0
"124-18-5",0.0378195945281627,0
"135-02-4",0.0382138861444762,0
"495-18-1",0.0378176732040734,0
"124-03-8",0.0382117509412872,0
"717-74-8",0.0378200595051269,0
"94-86-0",0.28623279416848,1
"102-71-6",0.0378175860927207,0
"78-40-0",0.0378175860927207,0
"123-17-1",0.0378175860927207,0
"78587-05-0",0.32055007727509,1
"95-32-9",0.0378175860927207,0
"96-76-4",0.0378453805373943,0
"123-01-3",0.0379349596295039,0
"56070-16-7",0.0378175860927207,0
"110-97-4",0.0378175860927207,0
"91-62-3",0.107971823976477,0
"104-51-8",0.0378182486387165,0
"129630-19-9",0.320566710464864,1
"1076-97-7",0.0378175860927207,0
"110-33-8",0.0378175860927207,0
"120-65-0",0.0488746230749634,0
"109-86-4",0.0378175860927207,0
"110-44-1",0.0378175860927207,0
"579-66-8",0.0378175860927207,0
"NOCAS_48166",0.320593486782318,0
"122836-35-5",0.0378193077106712,0
"120-83-2",0.320282929757235,1
"55179-31-2",0.320593486782318,0
"83-56-7",0.310050580001863,0
"108-87-2",0.0378254950592113,0
"111-69-3",0.0378175860927207,0
"3380-34-5",0.320593486782318,0
"962-58-3",0.0378477470365025,0
"100-97-0",0.315585971771407,0
"239110-15-7",0.229832445449577,0
"69377-81-7",0.022824778614185,0
"79902-63-9",0.229832445449577,1
"732-26-3",0.149465362494782,0
"81777-89-1",0.0337823461103836,1
"550-44-7",0.0254764692337823,0
"199119-58-9",0.229832445449577,0
"64700-56-7",0.229832445449577,0
"2144-53-8",0.229832445449577,0
"188489-07-8",0.229832445449577,0
"1939-36-2",0.229832445449577,0
"2761-24-2",0.0227473585228764,0
"10482-56-1",0.0252863153553697,0
"111-43-3",0.0228230940394462,0
"NOCAS_47381",0.229832445449577,0
"446-72-0",0.229832445449577,0
"90-04-0",0.205775796476813,0
"80844-07-1",0.229832445449577,0
"180084-01-9",0.229832445449577,0
"79-44-7",0.030383420109616,0
"175178-82-2",0.229832445449577,0
"5394-36-5",0.0227794954602754,0
"145701-21-9",0.229832445449577,0
"94-80-4",0.228281376232551,1
"13254-34-7",0.0229211553942693,0
"527680-56-4",0.229832445449577,0
"42978-66-5",0.229832445449577,0
"789-02-6",0.229832445449577,0
"57-14-7",0.0227468978559127,0
"111-40-0",0.0228947972882818,0
"104-40-5",0.227329908083841,0
"2481-94-9",0.229832445449577,1
"144550-36-7",0.229832445449577,0
"108-03-2",0.0229969749925062,0
"80-27-3",0.0227789314443275,0
"58430-94-7",0.0227471866280613,0
"112529-15-4",0.229832445449577,0
"158081-99-3",0.229832445449577,0
"112-25-4",0.0227641052135591,0
"112-42-5",0.0227518744623213,0
"77-89-4",0.229832445449577,0
"950-37-8",0.0265142242356216,0
"103-33-3",0.124499514364543,1
"120-47-8",0.0698087788851958,1
"89-04-3",0.229832445449577,0
"110-15-6",0.0227817909251919,0
"4574-04-3",0.0315457995114724,0
"27314-13-2",0.229832445449577,1
"142-08-5",0.023657075024058,0
"74115-24-5",0.229832445449577,0
"4437-85-8",0.0227517550501743,0
"5850-86-2",0.229832445449577,0
"186392-65-4",0.229832445449577,0
"124-07-2",0.0227640434166905,0
"533-23-3",0.0773448553643342,0
"742693-38-5",0.229832445449577,0
"16079-88-2",0.0227472116783698,0
"150-13-0",0.195784194937248,0
"2588-04-7",0.0227468978559127,0
"14938-35-3",0.146601369196114,1
"496-72-0",0.229112928123229,1
"571-58-4",0.0510806781502668,0
"126-14-7",0.229832445449577,0
"115-18-4",0.0411816921817441,0
"552-30-7",0.0230085533224464,0
"124-13-0",0.0227543254728051,0
"85264-33-1",0.0238414650924387,0
"52645-53-1",0.229832445449577,1
"82469-79-2",0.229832445449577,0
"2110-18-1",0.1742917478252,1
"73-22-3",0.0515150036184975,0
"80-54-6",0.0227650289717463,0
"58-14-0",0.229832445449577,0
"17321-47-0",0.0227543046182117,0
"533-74-4",0.0268101595029284,0
"120-56-9",0.229832445449577,0
"99-63-8",0.0232804874517147,0
"5877-42-9",0.0228572116962331,0
"149979-41-9",0.229832445449577,0
"95-63-6",0.036071145084632,0
"142-87-0",0.0227468978559127,0
"2694-54-4",0.229832445449577,0
"3068-00-6",0.0246523091878904,0
"131-70-4",0.0309251064637789,0
"87-13-8",0.0227473248621998,0
"107-54-0",0.0248875567245851,0
"3524-68-3",0.229832445449577,0
"93-92-5",0.0227909171306575,0
"130-15-4",0.0280353668011072,0
"56-81-5",0.0233097962213413,0
"92-04-6",0.229511777185694,0
"111-96-6",0.0227490881645729,0
"2164-17-2",0.0227468978559127,0
"24851-98-7",0.0228477591089309,1
"826-62-0",0.022752235507404,0
"111-90-0",0.0227769813169835,0
"95-56-7",0.224111606363769,0
"2550-40-5",0.0283786385714201,0
"1189-08-8",0.0227469737089409,0
"131807-57-3",0.229832445449577,0
"123-35-3",0.0228719677840651,0
"NOCAS_47353",0.229832445449577,0
"72178-02-0",0.229832445449577,0
"111-20-6",0.0227525641646828,0
"1034-01-1",0.229832445449577,0
"113734-18-2",0.229832445449577,0
"150-68-5",0.226088008921578,0
"300-76-5",0.0227468978559127,0
"95-80-7",0.229313743362223,0
"109-78-4",0.0259641659463598,0
"551-93-9",0.20476105048597,0
"647-42-7",0.0227468978559127,0
"88-12-0",0.023851215489784,0
"58654-67-4",0.0227878843170243,0
"111-62-6",0.229832445449577,0
"298-04-4",0.0228813113272583,0
"103-24-2",0.229832445449577,0
"100-37-8",0.0311186724353995,0
"99-76-3",0.0317969311300682,1
"67564-91-4",0.229832445449577,0
"80-48-8",0.0227468978559127,0
"627-30-5",0.0429752439074964,0
"542-92-7",0.0233473489922621,0
"824-78-2",0.0235726885586195,0
"2212-67-1",0.0229566088986815,1
"NOCAS_47333",0.229832445449577,0
"1806-26-4",0.178162102518852,0
"3033-77-0",0.0227498604140227,0
"140-95-4",0.0227829602383594,0
"94-46-2",0.0229560213298072,0
"135-19-3",0.228086400257583,1
"25956-17-6",0.229832445449577,0
"193-39-5",0.229832445449577,0
"141-91-3",0.0227830099138752,0
"178928-70-6",0.229832445449577,0
"123-31-9",0.223657694954971,1
"82640-04-8",0.229832445449577,0
"95-69-2",0.229556513912205,0
"67485-29-4",0.229832445449577,0
"10022-28-3",0.0227508734858924,0
"51630-58-1",0.229832445449577,0
"93-56-1",0.0306992191740349,0
"126-07-8",0.229832445449577,0
"6734-80-1",0.0384900126122404,0
"29091-21-2",0.229832445449577,0
"95-83-0",0.229745449301316,0
"298-00-0",0.022750486152231,1
"591-12-8",0.0229721170526544,0
"460081-99-6",0.229832445449577,1
"117-80-6",0.0243603979201175,0
"171866-31-2",0.229832445449577,1
"13292-46-1",0.229832445449577,0
"25311-71-1",0.229832445449577,0
"6610-29-3",0.026041088902392,0
"2031-67-6",0.022748486705957,0
"121-39-1",0.0252122450806044,0
"155990-20-8",0.229832445449577,0
"67-71-0",0.0227468978559127,0
"131-57-7",0.229832445449577,1
"110-85-0",0.0023336282981507,0
"123-33-1",0.0023336282981507,0
"1007-28-9",0.148860215310023,1
"119-47-1",0.0838193197835468,0
"24683-00-9",0.0023336282981507,0
"42509-80-8",0.294917937071703,1
"3634-83-1",0.0023336282981507,0
"121552-61-2",0.294917937071703,0
"486-66-8",0.294917937071703,1
"112410-23-8",0.0838193197835468,0
"1120-21-4",0.0023336282981507,0
"1747-60-0",0.29411733725244,1
"84-61-7",0.0838193197835468,0
"2402-78-0",0.00233407767717259,0
"94-13-3",0.291977840670429,0
"90-12-0",0.00233782050892378,0
"106-32-1",0.0023336282981507,0
"116-06-3",0.00233393377235969,0
"95-14-7",0.0023336282981507,0
"7540-51-4",0.00233518867154536,0
"2795-39-3",0.0838193197835468,0
"106-22-9",0.00233520303184126,0
"49562-28-9",0.0838193197835468,0
"98-86-2",0.0023336282981507,0
"14371-10-9",0.00233412963084639,0
"16356-11-9",0.0023336282981507,0
"612-82-8",0.294917937071703,1
"99-08-1",0.00233748415116242,0
"759-94-4",0.0023336282981507,0
"1139-30-6",0.294755005340853,0
"67786-14-5",0.0847697438572849,0
"7287-19-6",0.294032223990445,1
"NOCAS_47383",0.294917937071703,0
"3064-70-8",0.00233349885662515,0
"626-39-1",0.00267175409286741,0
"123-92-2",0.0023336282981507,0
"50892-23-4",0.0838193197835468,0
"174185-16-1",0.0838193197835468,0
"96182-53-5",0.163397222060374,0
"25057-89-0",0.0023336282981507,0
"110-42-9",0.0023336282981507,0
"744-45-6",0.294917937071703,1
"105-54-4",0.0023336282981507,0
"93-02-7",0.288084899038966,0
"6358-53-8",0.284225963119926,1
"79277-27-3",0.0838193197835468,0
"7779-27-3",0.0023336282981507,0
"123-02-4",0.083819404380868,0
"120-71-8",0.294889930584887,0
"137-26-8",0.226000071668139,0
"146011-65-6",0.294917937071703,0
"565-80-0",0.0023336282981507,0
"5333-42-6",0.0838193197835468,0
"1214-39-7",0.294917937071703,1
"112-14-1",0.0023336282981507,0
"104-43-8",0.0838193197835468,0
"129-00-0",0.294917937071703,1
"873-32-5",0.00464043816083903,0
"402910-27-4",0.0838193197835468,0
"125116-23-6",0.0838193197835468,0
"61949-77-7",0.294827389578945,0
"210826-40-7",0.294917937071703,1
"874-90-8",0.293368958036124,0
"57-63-6",0.294838020776714,0
"2499-95-8",0.0023336282981507,0
"96-48-0",0.0023336282981507,0
"17420-30-3",0.0128476865557325,0
"121-79-9",0.0232392587180822,0
"3147-75-9",0.0838193197835468,0
"3383-96-8",0.284097543432754,0
"70630-17-0",0.0838206114542168,0
"512-42-5",0.0023336282981507,0
"95-94-3",0.274912916553888,0
"100-54-9",0.00331584442797939,0
"112-63-0",0.0838193197835468,0
"135080-03-4",0.0838193197835468,0
"60-56-0",0.00233456015983874,0
"635-22-3",0.127799760575389,0
"1929-77-7",0.00232781227912732,0
"501027-49-2",0.294917937071703,1
"63612-50-0",0.0838193197835468,0
"1672-46-4",0.294917937071703,0
"1897-45-6",0.274368142119689,0
"85721-33-1",0.29491601361517,0
"119-36-8",0.00295922784085645,0
"2445-77-4",0.0023336282981507,0
"1879-09-0",0.00234495685343639,0
"55406-53-6",0.00233420817948887,0
"123-11-5",0.0202701668079294,0
"123-56-8",0.0023336282981507,0
"56-72-4",0.0844770100483866,1
"96-70-8",0.00233418267998631,0
"98-06-6",0.0023336282981507,0
"271-89-6",0.00697146856657366,0
"134605-64-4",0.294917937071703,0
"1031-07-8",0.0838194061407598,1
"930-55-2",0.0023336282981507,0
"1861-32-1",-0.0622642574295454,1
"90982-32-4",0.0838193197835468,0
"763-32-6",0.00233373432456652,0
"108-91-8",0.00233381992599901,0
"64091-91-4",0.00233395319468355,0
"13183-79-4",0.0023336282981507,0
"94-75-7",0.00728953573474855,0
"221671-62-1",0.294917937071703,0
"22839-47-0",0.0838193197835468,0
"90-43-7",0.294311442478407,1
"2386-87-0",0.293491532358663,0
"4584-49-0",0.00237135096621405,0
"147-81-9",0.0023336282981507,0
"756-79-6",0.0023336282981507,0
"72490-01-8",0.0838193197835468,0
"94-96-2",0.0023336282981507,0
"147526-32-7",0.294917937071703,0
"50-29-3",0.153037161631332,0
"59227-89-3",0.0838193197835468,0
"68-96-2",0.0838193197835468,0
"478263-98-8",0.294917937071703,0
"141-22-0",0.0838193197835468,0
"105512-06-9",0.0838193197835468,1
"638-07-3",0.0023336282981507,0
"15046-75-0",0.0023336282981507,0
"7378-99-6",0.0023336282981507,1
"124-09-4",0.0023336282981507,0
"5234-68-4",0.294917937071703,1
"55285-14-8",0.0838193197835468,0
"2648-61-5",0.0023336282981507,0
"1646-75-9",0.00386554610624751,0
"609-66-5",0.0023336282981507,0
"110553-27-0",0.0850931487593601,0
"66575-29-9",0.0838193197835468,1
"141112-29-0",0.0838193197835468,0
"1559-35-9",0.0023336282981507,0
"119-07-3",0.294917937071703,0
"102-76-1",0.0023336282981507,0
"20325-40-0",0.294917937071703,1
"2491-38-5",0.248112686525641,0
"648917-13-9",0.294917937071703,0
"25152-84-5",0.0023336282981507,0
"7005-72-3",0.294917937071703,0
"6422-86-2",0.0838193197835468,0
"97-52-9",0.291232255887508,0
"108-94-1",0.0023336282981507,0
"110-91-8",0.0023336282981507,0
"156052-68-5",0.0838198264769415,0
"25812-30-0",0.294917937071703,0
"33820-53-0",0.0838193197835468,0
"77-48-5",0.0023336282981507,0
"57-06-7",0.0023336282981507,0
"56-04-2",0.0023336282981507,0
"116-66-5",0.134728283133689,0
"122-14-5",0.294917937071703,1
"109-43-3",0.0838193197835468,0
"104-90-5",0.00233692656996676,0
"93-65-2",0.0268750837783492,0
"13171-00-1",0.294388997886715,0
"92-52-4",0.00234620187054407,0
"461-58-5",0.00234429632745198,0
"127308-82-1",0.294917937071703,0
"763-29-1",-0.0119232264483593,0
"65-85-0",0.0439304751626172,0
"646-06-0",-0.0105615698643863,0
"203942-49-8",0.217394455003473,0
"263553-33-9",0.217394455003473,0
"10605-21-7",0.149828768873544,0
"151506-44-4",0.217394455003473,1
"118-47-8",0.0336385681587069,0
"56375-79-2",-0.000556785849404995,0
"122-78-1",0.03219665072671,0
"668981-02-0",0.217394455003473,0
"126-06-7",-0.0124304602473997,0
"75-99-0",-0.00925389283897535,0
"75-07-0",-0.00931333645734569,0
"83-41-0",0.0478872187489015,0
"328-84-7",0.11225583917907,0
"142-31-4",-0.0124904768374275,0
"540-18-1",-0.00597165829733592,0
"68157-60-8",0.213191453632351,0
"81335-77-5",0.204357819329875,0
"60-01-5",0.12750301618519,0
"446-86-6",0.217126773763974,0
"51-24-1",0.217394455003473,0
"7696-12-0",0.217394455003473,0
"544-63-8",0.00252002947524818,0
"123-05-7",-0.0108078211650699,0
"108-80-5",0.217374490987546,0
"553-70-8",0.017472857320571,0
"4376-18-5",0.0446009260876191,0
"65-23-6",0.0138911187545829,0
"623-33-6",-0.0114461718057137,0
"825643-57-0",0.217394455003473,0
"112-03-8",-0.00859925163056921,0
"88-58-4",0.204084712899276,0
"644-97-3",-0.00172336902739073,0
"3871-99-6",0.217394455003473,0
"129299-90-7",0.217394455003473,0
"5131-66-8",-0.0113084146013173,0
"104098-48-8",0.15464843683518,0
"493-52-7",0.217372067862402,0
"111-14-8",0.0105786550127817,0
"21145-77-7",0.21614918800023,0
"70-30-4",0.217394455003473,0
"1135-66-6",0.188006551186983,0
"60207-90-1",0.217394455003473,0
"NOCAS_48176",0.217394455003473,0
"496-11-7",0.045358979172695,0
"122-34-9",0.208699925424423,1
"104-61-0",0.00677976684598153,0
"57-97-6",0.217394455003473,1
"78-46-6",0.00581589332345048,0
"148-79-8",0.0518091761227323,0
"60-09-3",0.215965192198954,1
"62-75-9",-0.00847208842990099,0
"51580-86-0",-0.00385995723266847,0
"102-82-9",0.166562626130635,0
"116-25-6",0.0186429951974817,0
"207736-05-8",0.217394455003473,0
"1489-69-6",-0.00982540909390905,0
"58-56-0",0.0144901797120367,0
"309-00-2",0.217206108361721,0
"3855-32-1",0.217204007380141,0
"80-43-3",0.217340105796956,0
"144-74-1",0.163043326781499,0
"97-74-5",0.0888301761479608,0
"148477-71-8",0.217394455003473,1
"96-29-7",-0.011770650069822,0
"23950-58-5",0.185623611142279,1
"97-89-2",-0.0115352020841599,0
"189003-92-7",0.217394455003473,1
"77501-63-4",0.217394455003473,1
"122-39-4",0.21686536091342,1
"464-48-2",-0.0122939782176526,0
"107-70-0",-0.00970504821522067,0
"21564-17-0",0.186622991221479,0
"100-01-6",0.153154242817971,0
"149062-75-9",0.214807394674401,1
"68-11-1",-0.00951574367602218,0
"827-21-4",-0.00757865743036937,0
"101-81-5",0.0337716752902236,0
"149-30-4",0.00786230475193583,0
"NOCAS_47374",0.217394455003473,1
"609-54-1",0.0339457218278358,0
"842-07-9",0.217393582893717,1
"83834-59-7",0.214721046315946,0
"1541-81-7",-0.00506534918025134,0
"6915-15-7",-0.0056403929327303,0
"333-41-5",0.20467110274958,1
"81-30-1",0.217394320811758,0
"15625-89-5",0.073240266299685,0
"119-93-7",0.217374747843285,1
"33228-45-4",0.181757320150086,0
"3647-69-6",-0.00958830982543438,0
"51338-27-3",0.217394455003473,0
"700-13-0",0.214805868298347,0
"16484-77-8",0.202359135188331,0
"55335-06-3",0.143238193042705,0
"113136-77-9",0.213165690092082,0
"110235-47-7",0.216584272951117,1
"864283-48-7",0.217391268313566,0
"2032-65-7",0.217057711857819,1
"23089-26-1",0.0182592901717607,0
"611-59-6",-0.0123356622488588,0
"540-38-5",0.168250555149293,1
"5536-61-8",-0.00897626507759447,0
"13826-35-2",0.217241090174549,1
"122008-85-9",0.217394455003473,0
"98105-99-8",0.217394455003473,0
"142-29-0",0.00213187277202703,0
"112-30-1",0.039888494640696,0
"55-18-5",-0.00644930859998938,0
"124-19-6",0.00504867977051768,0
"826-36-8",-0.0123002921478755,0
"15299-99-7",0.217379752950501,0
"1948-33-0",0.204494931815538,0
"2687-96-9",0.00769748655011002,0
"55589-62-3",-0.012611285342303,0
"84-58-2",0.165583106287925,0
"82-68-8",0.173622413590859,0
"110-62-3",-0.0107625368529557,0
"127-19-5",-0.00301333201125406,0
"108-83-8",-0.0125984850044508,0
"16409-43-1",-0.0113138380793399,0
"123-99-9",0.0270804868234388,0
"92-84-2",0.216207958310796,1
"80-05-7",0.217258652642357,1
"136-45-8",0.00417782700999522,0
"112-53-8",0.0283970545315059,0
"1934-21-0",0.217394455003473,0
"23779-32-0",0.005537460372913,0
"420-04-2",-0.00983385640768175,0
"24602-86-6",-0.0033475450933855,1
"NOCAS_48507",0.217394455003473,0
"140-10-3",0.12097196410743,0
"77-93-0",0.0355923402123272,0
"2392-39-4",0.217394455003473,0
"56-95-1",0.217394455003473,0
"142-19-8",-0.00783568576690208,0
"78-98-8",-0.0115364236283579,0
"319-86-8",-0.0127071680755522,0
"140-11-4",0.0199454372086613,0
"59-40-5",0.217384838220732,0
"43121-43-3",0.21728106336371,0
"111-27-3",0.00433583814226915,0
"103-26-4",0.0902866253912953,0
"111-11-5",0.00448116260723727,0
"118-75-2",-0.00601076922190899,0
"15619-48-4",0.00159026234575579,0
"1609-47-8",0.025886176162547,0
"57-74-9",0.161600545273356,0
"214535-77-0",0.217394455003473,1
"3277-26-7",-0.0125795486290569,0
"28159-98-0",0.216140796432752,1
"5103-71-9",0.175579106229721,0
"111-85-3",0.0401401581329318,0
"627-18-9",-0.012217802679384,0
"88-85-7",0.211315056201891,0
"140-08-9",0.0272977161241536,0
"2051-62-9",0.216718572288817,0
"2917-73-9",0.14955619690818,0
"3025-30-7",0.0344222567082314,0
"599-64-4",0.332729485900689,0
"140-38-5",0.082339168409122,0
"110-05-4",0.0346774152918664,0
"615-20-3",0.0346780164526827,0
"427-51-0",0.14955619690818,0
"1825-21-4",0.0346807614016381,0
"79-19-6",-0.0115012405344092,0
"151-21-3",-0.148670542687526,0
"1134-23-2",0.0346774152918664,1
"35958-30-6",0.14955619690818,0
"1678-91-7",0.0346765118314706,0
"112-29-8",0.0346527535314399,0
"692-86-4",-0.0759418951316169,0
"619-73-8",0.171617664681113,0
"50-22-6",0.14955619690818,0
"84-74-2",0.14955619690818,0
"69-74-9",0.33290203216487,0
"510-15-6",0.14955619690818,0
"31519-22-9",0.332871065641581,0
"79983-71-4",0.14955619690818,0
"10265-92-6",0.0345698725240793,0
"57-09-0",-0.148670542687526,0
"108-74-7",0.0351587275326739,0
"104-45-0",0.0347814927729763,0
"98-01-1",0.0346863051206569,0
"NOCAS_47325",0.14955619690818,0
"107071-66-9",0.14955619690818,0
"50471-44-8",0.332904154887572,0
"15972-60-8",0.332904154887572,0
"117-08-8",0.0346800077117184,0
"13676-54-5",0.14955619690818,0
"110-01-0",0.00774886320222337,0
"97-00-7",0.053787918309371,0
"532-32-1",0.0346996418284784,0
"2807-30-9",0.0287331493607639,0
"123122-55-4",0.14955619690818,0
"525-79-1",0.14955619690818,0
"93-89-0",0.0346787094064477,0
"2492-26-4",0.0347371829869108,0
"62-74-8",0.0337552869334758,0
"56-53-1",0.14955619690818,1
"128639-02-1",0.14955619690818,1
"109-77-3",-0.104060412273074,0
"23422-53-9",0.331588623442417,1
"13674-87-8",0.134235639290187,0
"111-76-2",0.00932843277701748,0
"4638-48-6",0.332904154887572,0
"91-64-5",0.0352087681818745,0
"630-56-8",0.14955619690818,0
"75980-60-8",0.14955619690818,0
"4180-23-8",0.0385174778264351,0
"112-55-0",0.00301013714177983,0
"445295-04-5",0.14955619690818,1
"64-10-8",0.0357027474282621,0
"135-20-6",0.0383274961671014,0
"2432-87-3",0.14955619690818,0
"101-10-0",0.10253652117319,0
"93-16-3",0.243954060718923,1
"117718-60-2",0.14955619690818,0
"583-78-8",0.0406018412187416,0
"187022-11-3",0.14955619690818,0
"97322-87-7",0.14955619690818,0
"124378-77-4",0.14955619690818,0
"957-51-7",0.332904154887572,0
"289716-94-5",0.14955619690818,0
"51-28-5",0.255938317813732,0
"16219-75-3",0.0347212740578179,0
"35045-02-4",0.0346774152918664,0
"131-17-9",0.332383962319177,0
"181274-15-7",0.14955619690818,0
"56-55-3",0.14955619690818,1
"23386-52-9",0.14955619690818,0
"95-48-7",0.210646098937198,0
"126-00-1",0.14955619690818,0
"107-98-2",0.0294139571331603,0
"105-60-2",0.0346766997610473,0
"625114-41-2",0.14955619690818,0
"104-72-3",-0.148670542687526,0
"108-46-3",0.332763274811916,0
"541-73-1",0.0346794083611636,0
"6843-66-9",0.332904154887572,0
"106-36-5",0.0346742878044464,0
"1861-40-1",0.14955619690818,0
"79-16-3",0.0346572749385022,0
"87674-68-8",0.332903696015551,0
"51229-78-8",0.0351740738750119,0
"111-55-7",0.0346774152918664,0
"100-00-5",0.0369153975754938,0
"2058-46-0",0.14955619690818,0
"97-54-1",0.288141369216959,1
"709-98-8",0.034874325226747,0
"335-76-2",0.14955619690818,0
"460-00-4",0.0347314077568792,0
"57966-95-7",0.035448825446006,0
"6789-88-4",0.0346773393331966,0
"57837-19-1",0.332904154887572,0
"101-37-1",0.150258774631213,1
"3844-45-9",0.14955619690818,0
"2176-62-7",0.0346774152918664,0
"1570-64-5",0.33259915529614,1
"1569-60-4",0.0253611394229676,0
"80-07-9",0.332904154887572,0
"29836-26-8",0.14955619690818,0
"101-84-8",0.332840424310193,0
"141-43-5",0.0263662627216676,0
"58394-64-2",0.14955619690818,0
"2114-11-6",0.0346768471491896,0
"298-07-7",0.149512726671473,0
"5598-15-2",0.33103975716678,0
"107-46-0",0.0345800014134709,0
"131983-72-7",0.14955619690818,1
"13301-61-6",0.14955619690818,0
"50-35-1",0.14955619690818,0
"99129-21-2",0.14955619690818,0
"361343-19-3",0.14955619690818,0
"741-58-2",0.14955619690818,0
"678-39-7",0.14955619690818,0
"100-80-1",0.0346774152918664,0
"52-01-7",0.14955619690818,0
"4602-84-0",-0.0376107999252737,0
"50-81-7",0.034832103127875,0
"68694-11-1",0.14955619690818,0
"87-90-1",0.0346774152918664,0
"78-77-3",0.0318148900877727,0
"41481-66-7",0.14955619690818,0
"249296-43-3",0.14955619690818,0
"3194-55-6",0.0346774152918664,0
"122-18-9",0.14955619690818,0
"75-86-5",-0.00168771461122403,0
"141-93-5",0.0346774152918664,0
"33089-61-1",0.14955619690818,0
"2104-64-5",0.14955619690818,1
"112-31-2",0.034586359174713,0
"135-88-6",0.14955619690818,1
"839-90-7",0.28044874338486,0
"253450-09-8",0.14955619690818,0
"51632-16-7",0.332895795331121,1
"84-15-1",0.14955619690818,0
"100-25-4",0.0359682104599945,0
"127-47-9",0.14955619690818,0
"5977-14-0",0.0346782931082512,0
"1191914-21-2",0.14955619690818,0
"628-81-9",0.0296822118816144,0
"2996-92-1",0.034677968995733,0
"2416-94-6",0.326593033695975,0
"111-70-6",0.0344876189166723,0
"78-51-3",0.14955619690818,0
"2772-45-4",0.14955619690818,0
"1762-95-4",-0.0140935297623543,0
"99-66-1",0.0346774152918664,0
"872-50-4",0.0346779020863959,0
"140-66-9",0.034686188094872,0
"88-30-2",0.0346784630670484,0
"143-22-6",-0.148488948529769,0
"111-44-4",0.0321989314445656,0
"88-10-8",0.0346783479653404,0
"452-58-4",0.0418819069335536,0
"2078-54-8",0.107923873803786,0
"91-22-5",0.0989168442464364,0
"538-75-0",0.109882072566591,0
"1072-15-7",-0.0205815200776892,0
"24157-81-1",0.134167898936812,0
"95737-68-1",0.137243130419864,1
"72-54-8",0.136803004419058,0
"2832-40-8",0.136628370996967,1
"107-07-3",-0.0709338221173791,0
"599-79-1",0.137256973403695,0
"1763-23-1",0.137256973403695,0
"55-98-1",-0.0342295208108987,0
"143-07-7",0.0941093063394595,0
"361377-29-9",0.137256973403695,0
"99-87-6",0.0216636512543035,0
"109293-97-2",0.137255423210711,0
"51-05-8",0.132282314397874,0
"2008-41-5",0.121386036504783,0
"103-28-6",0.088770144487346,0
"93-53-8",0.0575002708826072,0
"7492-66-2",0.114506636204904,0
"1582-09-8",0.137256973403695,0
"112-07-2",0.0263883774346779,0
"2859-67-8",0.0947873492472805,0
"102676-31-3",0.136481475818817,0
"101-05-3",0.136000762828245,1
"NOCAS_47265",0.137256973403695,0
"111-82-0",0.0682310591427762,0
"929-59-9",-0.0982982602276628,0
"140939-17-9",0.136551557649525,0
"29122-68-7",0.131699880405996,0
"86-98-6",0.12295279184223,0
"106-50-3",0.0969912869716975,1
"85-01-8",0.136164043196923,0
"88-41-5",0.118687104864986,0
"108-11-2",-0.128963016100167,0
"4584-46-7",-0.0927551446799419,0
"NOCAS_48522",0.137256973403695,0
"126-92-1",0.0173518850023843,0
"4418-26-2",0.126991513443411,0
"22224-92-6",0.136465439884425,0
"81-81-2",0.137256973403695,0
"61-82-5",0.050997262602192,0
"6055-19-2",0.109511823718923,0
"77-90-7",0.137256973403695,0
"5949-05-3",0.0742795013401649,0
"3697-42-5",0.137256973403695,0
"99-99-0",0.0833120122141577,0
"122-99-6",0.0623198806814541,0
"1656-48-0",0.0817650650998304,0
"139-88-8",0.132479236243992,0
"1646-87-3",0.118925832106292,0
"52-51-7",0.10747215724774,0
"87-41-2",0.100083633729784,0
"15708-41-5",0.137193324230309,0
"3926-62-3",0.0725868341150363,0
"108-01-0",-0.083171288920227,0
"3120-74-9",0.0179428050750397,1
"68392-35-8",0.137256973403695,0
"102-96-5",0.0834184140276647,0
"77-09-8",0.137256973403695,0
"3296-90-0",0.115578425738569,0
"57-11-4",0.119655391561013,0
"528-29-0",0.130216691641503,0
"7173-51-5",0.132765562653921,0
"51707-55-2",0.128057227963017,0
"108-32-7",0.0455694979736727,0
"138472-01-2",0.131423679560605,0
"NOCAS_47292",0.1326806138895,0
"973-21-7",0.137256973403695,0
"5405-41-4",-0.0329195707524352,0
"1929-82-4",0.12620123188901,0
"75-50-3",-0.45662479279884,0
"10042-59-8",0.00876948151570059,0
"626-64-2",0.0908941072559782,0
"828-00-2",0.0237759748403416,0
"83-67-0",0.134053618124005,0
"98886-44-3",0.133797155261017,0
"59-87-0",0.123916331812958,0
"97-77-8",0.134966120708843,0
"81334-34-1",0.137224607671284,0
"6359-82-6",0.137256973403695,0
"110-52-1",0.11497407850321,0
"5655-61-8",0.122961752284146,0
"94-26-8",0.104718931306234,0
"2465-27-2",0.137162679197215,0
"134002-60-1",0.137256973403695,0
"109-04-6",0.0811844018935586,0
"213464-77-8",0.137256973403695,0
"118134-30-8",0.137129250067577,1
"196808-45-4",0.137256973403695,0
"1873-88-7",0.00156204894850254,0
"5870-93-9",0.0417178451499425,0
"54593-83-8",0.13587263028448,0
"90325-47-6",0.041147770196695,0
"1163-19-5",0.137256973403695,0
"91-59-8",0.121746559085338,1
"1760-24-3",0.0861896706955689,0
"131-55-5",0.137141933314051,0
"105-87-3",0.106921021557059,0
"115-84-4",0.0594469931820885,0
"4856-95-5",-0.07896152801828,0
"57-13-6",0.0775322194829955,0
"110-65-6",0.0785410701370345,0
"107-41-5",-0.0474746561278283,0
"584-03-2",-0.0749306632507108,0
"16587-71-6",0.0925128383640023,0
"99-65-0",0.126411833869452,0
"1024-57-3",0.13725497520505,0
"106-58-1",-0.0183306191288035,0
"929601-09-2",0.137256973403695,0
"105-67-9",0.0297378909349427,1
"177785-47-6",0.137188372950601,0
"77-71-4",0.108493406287943,0
"106-49-0",0.0259038705492347,0
"503-74-2",0.0137663122742221,0
"643-28-7",0.0689586560901949,0
"89-61-2",0.120561852909524,0
"606-20-2",0.132284990586966,1
"6359-98-4",0.137256973403695,0
"119515-38-7",0.125928649523679,0
"5137-55-3",0.137253199172785,0
"53-19-0",0.137015392637362,0
"111-46-6",0.00394725347948535,0
"112-70-9",0.034440632809583,0
"6728-26-3",0.0459015212745524,0
"143201-11-0",0.137256973403695,0
"139340-56-0",0.137256973403695,0
"199171-88-5",0.137256973403695,1
"353280-07-6",0.137256973403695,1
"78-48-8",0.131270541904693,0
"770-35-4",0.0628359790037048,0
"133-07-3",0.13697987263121,0
"3268-49-3",0.039133684176428,0
"588941-45-1",0.137256973403695,0
"123343-16-8",0.137254341771001,0
"78-69-3",-0.0251446403763717,0
"87-61-6",0.0767509886560332,0
"330-55-2",0.134419991679337,0
"21087-64-9",0.131891700152887,0
"105-99-7",0.116055627556436,0
"97-59-6",0.113111620504589,0
"109-02-4",-0.0741677604784743,0
"120-21-8",0.125124517275979,1
"89415-87-2",0.128852148456221,0
"629-62-9",0.0411327920654044,0
"82385-42-0",0.109640653933006,0
"120-55-8",0.136906975624746,0
"134-31-6",0.110890613347099,0
"129-06-6",0.137256973403695,0
"54-62-6",0.137256973403695,0
"577-11-7",0.137256973403695,0
"81406-37-3",0.137235307916168,0
"1120-36-1",-0.0186244795345427,0
"6153-64-6",0.137256973403695,0
"124-04-9",0.108902205785767,0
"121-91-5",0.122637967151793,0
"106-44-5",0.00943082533604311,1
"61949-76-6",0.137256973403695,0
"84-75-3",0.22129196604401,0
"128-04-1",0.0165406794134636,0
"77-47-4",0.00383528703094379,0
"96-45-7",0.00547515782263398,0
"136-60-7",0.00501383701065264,0
"58846-77-8",0.22129196604401,0
"69806-50-4",0.22129196604401,0
"179465-71-5",0.22129196604401,1
"1008-72-6",0.00387681743786203,0
"41198-08-7",0.221279600702716,1
"77-86-1",0.00383385098141962,0
"123-77-3",0.00384006281700515,0
"139-13-9",0.00383393639047275,1
"52806-53-8",0.219234319156069,0
"122454-29-9",0.22129196604401,0
"331623-06-4",0.22129196604401,0
"114-07-8",0.22129196604401,0
"6174-86-3",0.192474942642909,0
"107-75-5",0.00388018319023751,0
"115-28-6",0.00385819957744576,0
"1907-65-9",0.00383797225692156,0
"462-95-3",0.00485111871914119,0
"138261-41-3",0.108424904052802,0
"2627-95-4",0.00384266324209713,0
"219714-96-2",0.22129196604401,0
"97-86-9",0.00434231021971687,0
"115-86-6",0.22129196604401,1
"2702-72-9",0.0278624441877422,0
"94-18-8",0.221291689271668,0
"145-73-3",0.00383519031026155,0
"78-59-1",0.0100883887943445,0
"106-24-1",0.00410578232807949,0
"128-39-2",0.0160381085164783,0
"122-62-3",0.22129196604401,0
"2642-71-9",0.22129196604401,1
"68-12-2",0.00840089118686696,0
"111-31-9",0.00762713686074728,0
"85-40-5",0.0713744307870792,0
"18172-67-3",0.0075886803949835,0
"105-31-7",0.00379403765753378,0
"67-20-9",0.0274048007496784,0
"122-20-3",0.00383393639047275,0
"NOCAS_47305",0.22129196604401,0
"23128-74-7",0.22129196604401,0
"94-71-3",0.21660033652872,0
"88-72-2",0.0115663520053107,0
"75-12-7",0.0314495495339448,0
"56-75-7",0.221284294290015,0
"77-40-7",0.22129196604401,0
"69-65-8",0.00383393639047275,0
"121-54-0",0.22129196604401,0
"288-88-0",0.00423033574603636,0
"16672-87-0",0.00408261151938557,0
"90-94-8",0.22129196604401,0
"4422-95-1",0.212816528332468,0
"71283-80-2",0.22129196604401,0
"762-04-9",0.00470161939980213,0
"141-32-2",0.00430394575933531,0
"163520-33-0",0.22129196604401,0
"1241-94-7",0.22129196604401,0
"57-41-0",0.22129196604401,0
"498-81-7",0.0053678019163555,0
"110-69-0",0.00328985614838075,0
"25168-05-2",0.00608415793224144,0
"139149-55-6",0.22129196604401,0
"NOCAS_47255",0.22129196604401,0
"291305-06-1",0.22129196604401,0
"17804-35-2",0.22129196604401,0
"21739-91-3",0.212484364584007,1
"133-90-4",0.00665513213660028,0
"221246-12-4",0.22129196604401,0
"135-57-9",0.22129196604401,1
"124-76-5",0.00443356994564899,0
"20018-09-1",0.00391952696965226,0
"111991-09-4",0.22129196604401,0
"18794-84-8",0.00388726729077831,0
"14765-30-1",0.00546118604939181,0
"868-57-5",0.00651469519848959,0
"123-96-6",0.00400950405847722,0
"2243-62-1",0.153159348854922,1
"81-61-8",0.22129196604401,0
"4151-50-2",0.22129196604401,0
"95-65-8",0.21853237322781,1
"NOCAS_48509",0.22129196604401,0
"109-08-0",0.00401901270052151,0
"78-70-6",0.0038383771932312,0
"77-06-5",0.22129196604401,0
"112-35-6",0.00389512990265224,0
"29232-93-7",0.22129196604401,1
"138-86-3",0.010050062987081,0
"105-53-3",0.00422226265161727,0
"707-61-9",0.00792921509642588,0
"1638-22-8",0.189499428202893,1
"686756-87-6",0.22129196604401,1
"27138-31-4",0.22129196604401,0
"87-86-5",0.116622658960189,1
"93-15-2",0.217610376923774,1
"6846-50-0",0.0676474944174921,0
"5700-49-2",-0.00372482193612353,0
"924-16-3",0.00383478424759973,0
"104-82-5",0.0108401536109481,0
"88-18-6",0.0448962466150697,0
"612-83-9",0.221177668681878,1
"119-90-4",0.22129196604401,1
"96-54-8",0.0164042482283437,0
"72-33-3",0.22129196604401,0
"34014-18-1",0.00509703600670503,0
"173584-44-6",0.22129196604401,0
"1634-78-2",0.18296377940452,0
"107-21-1",0.00270187944532226,0
"148-24-3",0.135289619150417,0
"22248-79-9",0.221280355393569,0
"16529-56-9",0.00331582419743334,0
"56-37-1",0.011630880218285,0
"137-42-8",0.00875958040370909,0
"2425-77-6",0.0167110230545085,0
"99-55-8",0.0696786453196906,0
"67-30-1",0.22129196604401,0
"142-04-1",0.0666424400088679,0
"335-67-1",0.22129196604401,0
"556-67-2",0.00386226845122901,0
"1885-38-7",0.0156412413832018,0
"17754-90-4",0.219104485841048,0
"3913-02-8",0.00431373435038406,0
"821-48-7",0.00368740179762772,0
"1942-71-8",0.221266279112364,0
"93-76-5",0.00611564540028125,0
"122-19-0",0.22129196604401,0
"103055-07-8",0.22129196604401,0
"149-57-5",0.00383966379800116,0
"548-62-9",0.22129196604401,0
"50594-66-6",0.22129196604401,1
"5437-45-6",0.01264955959907,0
"5598-13-0",0.191741020232645,1
"1469-48-3",0.0683124813448268,0
"26530-20-1",0.00463116329362308,0
"101-67-7",0.22129196604401,0
"106-23-0",0.00838791973272017,0
"135410-20-7",0.00482187020564312,0
"124495-18-7",0.22129196604401,0
"80-46-6",0.0923232539625375,1
"NOCAS_47379",0.22129196604401,0
"527-60-6",0.217548168796665,0
"95-87-4",0.201250870306768,0
"57018-04-9",0.212468256531043,0
"868-85-9",0.00414133063650617,0
"108-48-5",0.0273012119723312,0
"112-05-0",0.00384453183149343,1
"59-05-2",0.22129196604401,0
"112-49-2",0.0038841789401114,0
"101-21-3",0.0100536216147369,1
"4707-47-5",0.220933194845208,1
"1156-19-0",0.22129196604401,0
"90-72-2",0.22129139610766,0
"616-45-5",0.013026374126132,0
"2016-57-1",0.00393776910333738,0
"126833-17-8",0.22129196604401,0
"72-55-9",0.221290985107245,0
"78-63-7",0.180255331888281,0
"2231-57-4",0.132414263568899,0
"1918-02-1",0.0543827681760206,0
"10081-67-1",0.123589448813355,0
"66-27-3",-0.056191619637543,0
"23031-36-9",0.123589448813355,1
"126-30-7",-0.0529512449635557,0
"51-79-6",-0.0325174028959422,0
"89-87-2",0.0537394720395876,0
"128-95-0",0.235489008757167,1
"108-59-8",-0.0567485770564526,0
"116-17-6",0.0464073022305363,0
"154-42-7",0.0479695192715161,0
"120-82-1",0.0298680972584018,0
"104-87-0",0.139929788763288,0
"101-77-9",0.235201422432611,1
"532-27-4",-0.0260988186418032,0
"643-79-8",-0.0142053039877637,0
"133-06-2",0.235487961574223,0
"489-01-0",0.0990296891580281,0
"77-83-8",0.206006404238894,0
"375-85-9",0.235489231694775,0
"126-11-4",-0.051019890060989,0
"67747-09-5",0.123589448813355,0
"134-32-7",0.235064187698128,0
"5902-51-2",0.0545256979333409,0
"95-53-4",0.20578487405597,0
"83657-24-3",0.123589448813355,0
"2634-33-5",0.228250586817511,0
"120-12-7",0.235489231694775,1
"101-42-8",0.0687716133216942,0
"140-56-7",0.234492328557034,0
"23726-91-2",0.0545256979333409,0
"112-27-6",-0.0573613137134216,0
"619-50-1",0.0462262871235807,0
"29420-49-3",0.0545256979333409,0
"124-94-7",0.123589448813355,1
"1095-90-5",0.123589448813355,0
"1120-04-3",0.123589448813355,0
"95-54-5",0.171882553719808,1
"6175-45-7",0.234919996162008,0
"69327-76-0",0.123589448813355,0
"94-82-6",0.213710491443092,0
"142-16-5",0.123589448813355,0
"375-95-1",0.123589448813355,0
"10416-59-8",0.0542778034179928,0
"55283-68-6",0.123589489864494,0
"NOCAS_48518",0.123589448813355,0
"69-09-0",0.123589448813355,0
"52-68-6",0.0519883259353084,0
"626-60-8",0.00131778755787013,0
"16752-77-5",-0.0560315364286596,0
"132-64-9",0.23548402355217,0
"32388-55-9",0.235489231694775,0
"13194-48-4",0.0447312157588612,1
"330-54-1",0.0791675261466673,0
"108-95-2",0.180035225645439,0
"112-12-9",-0.0179487412546545,0
"1752-30-3",0.0826300870945859,0
"129-17-9",0.123589448813355,0
"111-49-9",0.0135070525453535,0
"621-64-7",-0.0355845287218085,0
"108-89-4",0.168252144140138,0
"96-23-1",-0.0550349045889666,0
"106-27-4",-0.0508469779956295,0
"112-60-7",0.111959242491202,0
"79-14-1",0.0112422424072324,0
"103-11-7",0.0310005592963986,0
"53112-28-0",0.235419394793268,0
"1646-88-4",0.0464724978915752,0
"556-52-5",-0.0441922092259343,0
"NOCAS_47248",0.123589448813355,1
"188425-85-6",0.123589448813355,0
"5888-33-5",0.235489231694775,0
"51-52-5",0.0461426913521956,0
"126-75-0",-0.0236241728218264,0
"58-89-9",-0.0420763591695627,0
"142-92-7",-0.0553872968149754,0
"90-30-2",0.133664684283985,0
"61-73-4",0.123589448813355,0
"13048-33-4",0.123647663405473,0
"580-51-8",0.235479075337923,1
"169590-42-5",0.123589448813355,0
"51235-04-2",0.235487216647519,0
"99-85-4",0.0541455635093904,0
"58-86-6",-0.0465129066000678,0
"609-23-4",0.0518882248029936,0
"444610-91-7",0.123589448813355,0
"80-26-2",0.0545142140463895,0
"122-01-0",0.0202875995553311,0
"732-11-6",0.123589448813355,0
"124-05-0",-0.0572819506661435,0
"2058-94-8",0.123589448813355,0
"68-26-8",0.123589448813355,0
"51-30-9",0.235148685281576,0
"66441-23-4",0.123589448813355,0
"80-15-9",0.0522034658130244,0
"563-12-2",0.227340803670335,1
"57-55-6",0.0653343251876148,0
"473-55-2",0.0544627773542924,0
"10094-34-5",0.235457234998941,0
"25606-41-1",-0.0562241203960757,0
"622-45-7",-0.0252143405633219,0
"130-14-3",0.235487550177417,0
"142-62-1",0.024421739750945,0
"6379-73-3",0.0545184493647523,0
"3648-21-3",0.123589448813355,0
"27253-33-4",0.00831333022326499,0
"463-40-1",0.123589448813355,0
"40487-42-1",0.235489231694775,0
"111-87-5",-0.00377572561765348,0
"116-02-9",0.0522809800632193,0
"81335-37-7",0.123589448813355,0
"6893-02-3",0.123589448813355,0
"5694-00-8",0.0518538723314846,0
"1918-00-9",0.0545148652720772,0
"51384-51-1",0.123589448813355,0
"161050-58-4",0.123589448813355,0
"102-60-3",0.235176764947709,0
"2043-57-4",0.235489231694775,0
"1111-78-0",0.127419600397032,0
"104206-82-8",0.123589448813355,0
"87818-31-3",0.123589448813355,1
"544-01-4",0.0114237635535566,0
"85509-19-9",0.123589448813355,0
"135158-54-2",0.235222175180595,1
"10061-01-5",-0.0344131828379851,0
"107-51-7",0.0545252567601632,0
"19044-88-3",0.123589448813355,0
"205-99-2",0.123589448813355,0
"60-12-8",0.177303892690465,0
"83-32-9",0.235489165566174,0
"2782-57-2",0.021216291127882,0
"612-12-4",0.0475035615139298,0
"140-53-4",0.0909430291198608,0
"1112-39-6",-0.0510743051084179,0
"1559-34-8",0.123589448813355,0
"4376-20-9",0.123589448813355,0
"491-80-5",0.123589448813355,0
"63-42-3",0.123589448813355,0
"684-93-5",-0.0189088604005534,0
"23564-06-9",0.123589448813355,0
"513-86-0",-0.0382499409553544,0
"1120-01-0",0.123589448813355,0
"298-46-4",0.22429408358949,0
"79-30-1",-0.0485931381361664,0
"106-65-0",-0.057008726227461,0
"150-19-6",0.0421830801754812,1
"35554-44-0",0.123589448813355,0
"136-77-6",0.235039934054931,0
"4130-42-1",0.154352842864493,0
"5216-25-1",0.0518099248734043,0
"544-76-3",0.123611781068406,0
"66357-35-5",0.123589448813355,0
"79-09-4",0.013333911326525,0
"112733-06-9",0.123589448813355,1
"32809-16-8",0.235450201514052,1
"6485-40-1",0.0507320005092784,0
"1191-50-0",0.123589448813355,0
"103361-09-7",0.123589448813355,0
"126-73-8",0.232344693446678,0
"693-54-9",-0.0512354466839257,0
